[{"model": "admin.logentry", "pk": 1, "fields": {"action_time": "2022-08-01T07:14:38.570Z", "user": 1, "content_type": 15, "object_id": "1", "object_repr": "StockCatagory object (1)", "action_flag": 1, "change_message": "[{\"added\": {}}]"}}, {"model": "admin.logentry", "pk": 2, "fields": {"action_time": "2022-08-01T07:14:50.649Z", "user": 1, "content_type": 15, "object_id": "2", "object_repr": "StockCatagory object (2)", "action_flag": 1, "change_message": "[{\"added\": {}}]"}}, {"model": "admin.logentry", "pk": 3, "fields": {"action_time": "2022-08-01T07:15:01.797Z", "user": 1, "content_type": 15, "object_id": "3", "object_repr": "StockCatagory object (3)", "action_flag": 1, "change_message": "[{\"added\": {}}]"}}, {"model": "auth.permission", "pk": 1, "fields": {"name": "Can add log entry", "content_type": 1, "codename": "add_logentry"}}, {"model": "auth.permission", "pk": 2, "fields": {"name": "Can change log entry", "content_type": 1, "codename": "change_logentry"}}, {"model": "auth.permission", "pk": 3, "fields": {"name": "Can delete log entry", "content_type": 1, "codename": "delete_logentry"}}, {"model": "auth.permission", "pk": 4, "fields": {"name": "Can view log entry", "content_type": 1, "codename": "view_logentry"}}, {"model": "auth.permission", "pk": 5, "fields": {"name": "Can add permission", "content_type": 2, "codename": "add_permission"}}, {"model": "auth.permission", "pk": 6, "fields": {"name": "Can change permission", "content_type": 2, "codename": "change_permission"}}, {"model": "auth.permission", "pk": 7, "fields": {"name": "Can delete permission", "content_type": 2, "codename": "delete_permission"}}, {"model": "auth.permission", "pk": 8, "fields": {"name": "Can view permission", "content_type": 2, "codename": "view_permission"}}, {"model": "auth.permission", "pk": 9, "fields": {"name": "Can add group", "content_type": 3, "codename": "add_group"}}, {"model": "auth.permission", "pk": 10, "fields": {"name": "Can change group", "content_type": 3, "codename": "change_group"}}, {"model": "auth.permission", "pk": 11, "fields": {"name": "Can delete group", "content_type": 3, "codename": "delete_group"}}, {"model": "auth.permission", "pk": 12, "fields": {"name": "Can view group", "content_type": 3, "codename": "view_group"}}, {"model": "auth.permission", "pk": 13, "fields": {"name": "Can add user", "content_type": 4, "codename": "add_user"}}, {"model": "auth.permission", "pk": 14, "fields": {"name": "Can change user", "content_type": 4, "codename": "change_user"}}, {"model": "auth.permission", "pk": 15, "fields": {"name": "Can delete user", "content_type": 4, "codename": "delete_user"}}, {"model": "auth.permission", "pk": 16, "fields": {"name": "Can view user", "content_type": 4, "codename": "view_user"}}, {"model": "auth.permission", "pk": 17, "fields": {"name": "Can add content type", "content_type": 5, "codename": "add_contenttype"}}, {"model": "auth.permission", "pk": 18, "fields": {"name": "Can change content type", "content_type": 5, "codename": "change_contenttype"}}, {"model": "auth.permission", "pk": 19, "fields": {"name": "Can delete content type", "content_type": 5, "codename": "delete_contenttype"}}, {"model": "auth.permission", "pk": 20, "fields": {"name": "Can view content type", "content_type": 5, "codename": "view_contenttype"}}, {"model": "auth.permission", "pk": 21, "fields": {"name": "Can add session", "content_type": 6, "codename": "add_session"}}, {"model": "auth.permission", "pk": 22, "fields": {"name": "Can change session", "content_type": 6, "codename": "change_session"}}, {"model": "auth.permission", "pk": 23, "fields": {"name": "Can delete session", "content_type": 6, "codename": "delete_session"}}, {"model": "auth.permission", "pk": 24, "fields": {"name": "Can view session", "content_type": 6, "codename": "view_session"}}, {"model": "auth.permission", "pk": 25, "fields": {"name": "Can add add bank", "content_type": 7, "codename": "add_addbank"}}, {"model": "auth.permission", "pk": 26, "fields": {"name": "Can change add bank", "content_type": 7, "codename": "change_addbank"}}, {"model": "auth.permission", "pk": 27, "fields": {"name": "Can delete add bank", "content_type": 7, "codename": "delete_addbank"}}, {"model": "auth.permission", "pk": 28, "fields": {"name": "Can view add bank", "content_type": 7, "codename": "view_addbank"}}, {"model": "auth.permission", "pk": 29, "fields": {"name": "Can add category", "content_type": 8, "codename": "add_category"}}, {"model": "auth.permission", "pk": 30, "fields": {"name": "Can change category", "content_type": 8, "codename": "change_category"}}, {"model": "auth.permission", "pk": 31, "fields": {"name": "Can delete category", "content_type": 8, "codename": "delete_category"}}, {"model": "auth.permission", "pk": 32, "fields": {"name": "Can view category", "content_type": 8, "codename": "view_category"}}, {"model": "auth.permission", "pk": 33, "fields": {"name": "Can add client", "content_type": 9, "codename": "add_client"}}, {"model": "auth.permission", "pk": 34, "fields": {"name": "Can change client", "content_type": 9, "codename": "change_client"}}, {"model": "auth.permission", "pk": 35, "fields": {"name": "Can delete client", "content_type": 9, "codename": "delete_client"}}, {"model": "auth.permission", "pk": 36, "fields": {"name": "Can view client", "content_type": 9, "codename": "view_client"}}, {"model": "auth.permission", "pk": 37, "fields": {"name": "Can add employee", "content_type": 10, "codename": "add_employee"}}, {"model": "auth.permission", "pk": 38, "fields": {"name": "Can change employee", "content_type": 10, "codename": "change_employee"}}, {"model": "auth.permission", "pk": 39, "fields": {"name": "Can delete employee", "content_type": 10, "codename": "delete_employee"}}, {"model": "auth.permission", "pk": 40, "fields": {"name": "Can view employee", "content_type": 10, "codename": "view_employee"}}, {"model": "auth.permission", "pk": 41, "fields": {"name": "Can add estimates", "content_type": 11, "codename": "add_estimates"}}, {"model": "auth.permission", "pk": 42, "fields": {"name": "Can change estimates", "content_type": 11, "codename": "change_estimates"}}, {"model": "auth.permission", "pk": 43, "fields": {"name": "Can delete estimates", "content_type": 11, "codename": "delete_estimates"}}, {"model": "auth.permission", "pk": 44, "fields": {"name": "Can view estimates", "content_type": 11, "codename": "view_estimates"}}, {"model": "auth.permission", "pk": 45, "fields": {"name": "Can add expences", "content_type": 12, "codename": "add_expences"}}, {"model": "auth.permission", "pk": 46, "fields": {"name": "Can change expences", "content_type": 12, "codename": "change_expences"}}, {"model": "auth.permission", "pk": 47, "fields": {"name": "Can delete expences", "content_type": 12, "codename": "delete_expences"}}, {"model": "auth.permission", "pk": 48, "fields": {"name": "Can view expences", "content_type": 12, "codename": "view_expences"}}, {"model": "auth.permission", "pk": 49, "fields": {"name": "Can add product", "content_type": 13, "codename": "add_product"}}, {"model": "auth.permission", "pk": 50, "fields": {"name": "Can change product", "content_type": 13, "codename": "change_product"}}, {"model": "auth.permission", "pk": 51, "fields": {"name": "Can delete product", "content_type": 13, "codename": "delete_product"}}, {"model": "auth.permission", "pk": 52, "fields": {"name": "Can view product", "content_type": 13, "codename": "view_product"}}, {"model": "auth.permission", "pk": 53, "fields": {"name": "Can add stock", "content_type": 14, "codename": "add_stock"}}, {"model": "auth.permission", "pk": 54, "fields": {"name": "Can change stock", "content_type": 14, "codename": "change_stock"}}, {"model": "auth.permission", "pk": 55, "fields": {"name": "Can delete stock", "content_type": 14, "codename": "delete_stock"}}, {"model": "auth.permission", "pk": 56, "fields": {"name": "Can view stock", "content_type": 14, "codename": "view_stock"}}, {"model": "auth.permission", "pk": 57, "fields": {"name": "Can add stock catagory", "content_type": 15, "codename": "add_stockcatagory"}}, {"model": "auth.permission", "pk": 58, "fields": {"name": "Can change stock catagory", "content_type": 15, "codename": "change_stockcatagory"}}, {"model": "auth.permission", "pk": 59, "fields": {"name": "Can delete stock catagory", "content_type": 15, "codename": "delete_stockcatagory"}}, {"model": "auth.permission", "pk": 60, "fields": {"name": "Can view stock catagory", "content_type": 15, "codename": "view_stockcatagory"}}, {"model": "auth.permission", "pk": 61, "fields": {"name": "Can add terms", "content_type": 16, "codename": "add_terms"}}, {"model": "auth.permission", "pk": 62, "fields": {"name": "Can change terms", "content_type": 16, "codename": "change_terms"}}, {"model": "auth.permission", "pk": 63, "fields": {"name": "Can delete terms", "content_type": 16, "codename": "delete_terms"}}, {"model": "auth.permission", "pk": 64, "fields": {"name": "Can view terms", "content_type": 16, "codename": "view_terms"}}, {"model": "auth.permission", "pk": 65, "fields": {"name": "Can add stock details", "content_type": 17, "codename": "add_stockdetails"}}, {"model": "auth.permission", "pk": 66, "fields": {"name": "Can change stock details", "content_type": 17, "codename": "change_stockdetails"}}, {"model": "auth.permission", "pk": 67, "fields": {"name": "Can delete stock details", "content_type": 17, "codename": "delete_stockdetails"}}, {"model": "auth.permission", "pk": 68, "fields": {"name": "Can view stock details", "content_type": 17, "codename": "view_stockdetails"}}, {"model": "auth.permission", "pk": 69, "fields": {"name": "Can add preview", "content_type": 18, "codename": "add_preview"}}, {"model": "auth.permission", "pk": 70, "fields": {"name": "Can change preview", "content_type": 18, "codename": "change_preview"}}, {"model": "auth.permission", "pk": 71, "fields": {"name": "Can delete preview", "content_type": 18, "codename": "delete_preview"}}, {"model": "auth.permission", "pk": 72, "fields": {"name": "Can view preview", "content_type": 18, "codename": "view_preview"}}, {"model": "auth.permission", "pk": 73, "fields": {"name": "Can add payment details", "content_type": 19, "codename": "add_paymentdetails"}}, {"model": "auth.permission", "pk": 74, "fields": {"name": "Can change payment details", "content_type": 19, "codename": "change_paymentdetails"}}, {"model": "auth.permission", "pk": 75, "fields": {"name": "Can delete payment details", "content_type": 19, "codename": "delete_paymentdetails"}}, {"model": "auth.permission", "pk": 76, "fields": {"name": "Can view payment details", "content_type": 19, "codename": "view_paymentdetails"}}, {"model": "auth.permission", "pk": 77, "fields": {"name": "Can add items", "content_type": 20, "codename": "add_items"}}, {"model": "auth.permission", "pk": 78, "fields": {"name": "Can change items", "content_type": 20, "codename": "change_items"}}, {"model": "auth.permission", "pk": 79, "fields": {"name": "Can delete items", "content_type": 20, "codename": "delete_items"}}, {"model": "auth.permission", "pk": 80, "fields": {"name": "Can view items", "content_type": 20, "codename": "view_items"}}, {"model": "auth.permission", "pk": 81, "fields": {"name": "Can add income", "content_type": 21, "codename": "add_income"}}, {"model": "auth.permission", "pk": 82, "fields": {"name": "Can change income", "content_type": 21, "codename": "change_income"}}, {"model": "auth.permission", "pk": 83, "fields": {"name": "Can delete income", "content_type": 21, "codename": "delete_income"}}, {"model": "auth.permission", "pk": 84, "fields": {"name": "Can view income", "content_type": 21, "codename": "view_income"}}, {"model": "auth.permission", "pk": 85, "fields": {"name": "Can add estimate product", "content_type": 22, "codename": "add_estimateproduct"}}, {"model": "auth.permission", "pk": 86, "fields": {"name": "Can change estimate product", "content_type": 22, "codename": "change_estimateproduct"}}, {"model": "auth.permission", "pk": 87, "fields": {"name": "Can delete estimate product", "content_type": 22, "codename": "delete_estimateproduct"}}, {"model": "auth.permission", "pk": 88, "fields": {"name": "Can view estimate product", "content_type": 22, "codename": "view_estimateproduct"}}, {"model": "auth.user", "pk": 1, "fields": {"password": "pbkdf2_sha256$320000$J1yVxtGtk0qD4FDCD4QVdd$AzsCAV2geuc7j88AAQcXTPme5vVtB+URxeqNHtvJaPo=", "last_login": "2022-12-05T07:14:34.992Z", "is_superuser": true, "username": "admin", "first_name": "", "last_name": "", "email": "", "is_staff": true, "is_active": true, "date_joined": "2022-08-01T07:06:06.844Z", "groups": [], "user_permissions": []}}, {"model": "contenttypes.contenttype", "pk": 1, "fields": {"app_label": "admin", "model": "logentry"}}, {"model": "contenttypes.contenttype", "pk": 2, "fields": {"app_label": "auth", "model": "permission"}}, {"model": "contenttypes.contenttype", "pk": 3, "fields": {"app_label": "auth", "model": "group"}}, {"model": "contenttypes.contenttype", "pk": 4, "fields": {"app_label": "auth", "model": "user"}}, {"model": "contenttypes.contenttype", "pk": 5, "fields": {"app_label": "contenttypes", "model": "contenttype"}}, {"model": "contenttypes.contenttype", "pk": 6, "fields": {"app_label": "sessions", "model": "session"}}, {"model": "contenttypes.contenttype", "pk": 7, "fields": {"app_label": "adminapp", "model": "addbank"}}, {"model": "contenttypes.contenttype", "pk": 8, "fields": {"app_label": "adminapp", "model": "category"}}, {"model": "contenttypes.contenttype", "pk": 9, "fields": {"app_label": "adminapp", "model": "client"}}, {"model": "contenttypes.contenttype", "pk": 10, "fields": {"app_label": "adminapp", "model": "employee"}}, {"model": "contenttypes.contenttype", "pk": 11, "fields": {"app_label": "adminapp", "model": "estimates"}}, {"model": "contenttypes.contenttype", "pk": 12, "fields": {"app_label": "adminapp", "model": "expences"}}, {"model": "contenttypes.contenttype", "pk": 13, "fields": {"app_label": "adminapp", "model": "product"}}, {"model": "contenttypes.contenttype", "pk": 14, "fields": {"app_label": "adminapp", "model": "stock"}}, {"model": "contenttypes.contenttype", "pk": 15, "fields": {"app_label": "adminapp", "model": "stockcatagory"}}, {"model": "contenttypes.contenttype", "pk": 16, "fields": {"app_label": "adminapp", "model": "terms"}}, {"model": "contenttypes.contenttype", "pk": 17, "fields": {"app_label": "adminapp", "model": "stockdetails"}}, {"model": "contenttypes.contenttype", "pk": 18, "fields": {"app_label": "adminapp", "model": "preview"}}, {"model": "contenttypes.contenttype", "pk": 19, "fields": {"app_label": "adminapp", "model": "paymentdetails"}}, {"model": "contenttypes.contenttype", "pk": 20, "fields": {"app_label": "adminapp", "model": "items"}}, {"model": "contenttypes.contenttype", "pk": 21, "fields": {"app_label": "adminapp", "model": "income"}}, {"model": "contenttypes.contenttype", "pk": 22, "fields": {"app_label": "adminapp", "model": "estimateproduct"}}, {"model": "sessions.session", "pk": "2ufqj5d68ihqsp821dhbuy4zyxz46gvk", "fields": {"session_data": "eyJwZXJtaXNzaW9uIjp7ImlzX2FkbWluIjp0cnVlfX0:1oRsDM:X4oNXheElBZuAaYyZujWEKbpRrHDrNxc1TqTGOdrwRc", "expire_date": "2022-09-10T09:34:52.253Z"}}, {"model": "sessions.session", "pk": "3ulukyb54r7uu3abm9uyqmgz6jmk61mp", "fields": {"session_data": "eyJwZXJtaXNzaW9uIjp7ImlzX2FkbWluIjp0cnVlfX0:1p23Zu:IXTuqnRLxJA6FfNUGrdyiXat-_N8-GM-2Zo8sBH2CEA", "expire_date": "2022-12-19T04:59:42.913Z"}}, {"model": "sessions.session", "pk": "50i4noo1n5algyuqe63kv5790l32a5nb", "fields": {"session_data": "eyJwZXJtaXNzaW9uIjp7ImlzX2FkbWluIjp0cnVlfX0:1p24B9:Ms8P9TJQF3vLj48hlSMI29OKdiJ_T29RcGhME4CnmDQ", "expire_date": "2022-12-19T05:38:11.889Z"}}, {"model": "sessions.session", "pk": "6jf57diysbmtfgfrnyr0qelfq4ny97q0", "fields": {"session_data": "eyJwZXJtaXNzaW9uIjp7ImlzX2FkbWluIjpmYWxzZX19:1oupRh:MDVaAzEXe3t-F5XH9TTcVrL5hBNOpztho0ZdG9G09E0", "expire_date": "2022-11-29T06:29:21.608Z"}}, {"model": "sessions.session", "pk": "879gjldnd7rhktxzuboia8ffol45vklc", "fields": {"session_data": "eyJwZXJtaXNzaW9uIjp7ImlzX2FkbWluIjp0cnVlfX0:1oSZ3n:JCySsUqmNVrspyuFcfyCPDC1NP9LDbkQdtJ8SLJn75A", "expire_date": "2022-09-12T07:19:51.988Z"}}, {"model": "sessions.session", "pk": "97p0wjr2njgg7u7fzosynr1vicrff5li", "fields": {"session_data": "eyJwZXJtaXNzaW9uIjp7ImlzX2FkbWluIjp0cnVlfX0:1oQlwo:VcSqvqGi0y-XHx31Bw5BXbgre-pVZ3IGZRyzN0lBLbM", "expire_date": "2022-09-07T08:41:14.309Z"}}, {"model": "sessions.session", "pk": "a159xanyg4tlucl7mvpq49qiz72mnivl", "fields": {"session_data": "eyJwZXJtaXNzaW9uIjp7ImlzX2FkbWluIjp0cnVlfX0:1oSaSE:OEiRX0HsLH__plQP_Pc1NkLR5O6olbwV-3bGFxgl0xQ", "expire_date": "2022-09-12T08:49:10.018Z"}}, {"model": "sessions.session", "pk": "akooq5gsagmks7iobmjatmpewz8ef8uk", "fields": {"session_data": ".eJxVjMsOwiAQRf-FtSG8KS7d-w1kgBmpGkhKuzL-uzbpQrf3nHNfLMK21rgNXOJc2JlJdvrdEuQHth2UO7Rb57m3dZkT3xV-0MGvveDzcrh_BxVG_dZGgEWD2qIiQaC8MmQFSRIQkFCULCkYTzDpTN67AMKlSVpyxmjCzN4f9Fc4aA:1oupzx:A64LcW4XvglfdREv6pVu1JzaMdO06RxOAEyiGYMalpE", "expire_date": "2022-11-29T07:04:45.957Z"}}, {"model": "sessions.session", "pk": "ayvnsioqq0ar7wscs9yo6h042imwclcx", "fields": {"session_data": "eyJwZXJtaXNzaW9uIjp7ImlzX2FkbWluIjp0cnVlfX0:1ot0Ls:VbwegGlvRPFHX82xGAIP4c4_QjJCM97SwDcI0aYGP2U", "expire_date": "2022-11-24T05:43:48.264Z"}}, {"model": "sessions.session", "pk": "d10xh4flov4fzojrorkqz2mpr371cx09", "fields": {"session_data": "eyJwZXJtaXNzaW9uIjp7ImlzX2FkbWluIjp0cnVlfX0:1p2405:8qtutRQwHntsb-n5bLD4uvuG6id_R20sPjbp6q7cma8", "expire_date": "2022-12-19T05:26:45.559Z"}}, {"model": "sessions.session", "pk": "db4qws8poe7vh2jsc4h8es22ym2cjgvk", "fields": {"session_data": "eyJwZXJtaXNzaW9uIjp7ImlzX2FkbWluIjp0cnVlfX0:1p27D6:JJ25ezLZ-SyPX_hGAQvlhk28C75PsxiZ1tqitswSEdg", "expire_date": "2022-12-19T08:52:24.455Z"}}, {"model": "sessions.session", "pk": "ddzbkckgrgo8gq9abr2j99zene6lx01u", "fields": {"session_data": "eyJwZXJtaXNzaW9uIjp7ImlzX2FkbWluIjp0cnVlfX0:1oR4dj:De4cu2l86j4B7qSmohrKm6WsN0zretF8UZODmDFxbts", "expire_date": "2022-09-08T04:38:47.550Z"}}, {"model": "sessions.session", "pk": "evwncmuvis1g6tcmd2kj0vswz9awdps9", "fields": {"session_data": "eyJwZXJtaXNzaW9uIjp7ImlzX2FkbWluIjp0cnVlfX0:1oOwHF:cPDW99CCDjtd9EwJKJFidArPcnEg2D6pkCV5HK_DEJ8", "expire_date": "2022-09-02T07:18:45.146Z"}}, {"model": "sessions.session", "pk": "f54l1twjxgz8ihylmh9f3pm8xs3hqdqu", "fields": {"session_data": ".eJxVjEEOgyAURO_CuiGgIOqy-56BfOH_SlvBgK6Md68mLtrdZObN25iFdRntWjDb4FnPJLv9dgO4N8Zz8C-Iz8RdiksOAz8Rfq2FP5LHz_1i_wQjlPF4KwEaFdYaKxIElakUaUGSBHRIKLyT1ClD0NaOjGk6EM3QSk2NUjWhO6Qz5imUElJk_cZCseCncOQlr7jvX3dMQ9U:1oJti4:8I2gcaCzpX_x7IWW2qxXZUNCApYbKTlRfNIT0_TqhBU", "expire_date": "2022-08-19T09:33:36.016Z"}}, {"model": "sessions.session", "pk": "ftcuj63epfjptac392yflwujnbvq06g8", "fields": {"session_data": "eyJwZXJtaXNzaW9uIjp7ImlzX2FkbWluIjp0cnVlfX0:1oKIS6:zg0Obpb22Kn5aqYgF4C4aC_5vvFPZu5Tbx4-aEVuqZ4", "expire_date": "2022-08-20T11:58:46.807Z"}}, {"model": "sessions.session", "pk": "gje3xw0ts8e3ywowezu67h1f8xe8tt80", "fields": {"session_data": "eyJwZXJtaXNzaW9uIjp7ImlzX2FkbWluIjp0cnVlfX0:1oR5Kl:m1my9E-_1lsoyxcrl0PqRRoimmCtJw_Vq1_af8I2teU", "expire_date": "2022-09-08T05:23:15.644Z"}}, {"model": "sessions.session", "pk": "htg9eij74i5kazpv8epycsft5qmozqjq", "fields": {"session_data": "eyJwZXJtaXNzaW9uIjp7ImlzX2FkbWluIjp0cnVlfX0:1oQmeF:254ng3f110DTNRCrBBbS-60VzS5hQyw5GcZir551MBE", "expire_date": "2022-09-07T09:26:07.251Z"}}, {"model": "sessions.session", "pk": "pgw4rjs0cwceqg7tpd2xd43ojp6jnrs1", "fields": {"session_data": ".eJxVjM0OgyAQhN9lzw0BBVGPvfcZyAq7lf5IA3oyvns18eJtMt83s8KP8jeWEtME_QqxOAzfuOc5L7TdwOEyj24plF0M0IOCSzegf9N0gPDC6ZmET9Oc4yAORZy0iEcK9Lmf7uVgxDLuay3RkKbaUMWSsbKVZiNZscSOmGTwijttGdvas7VNh7IZWmW40bpm8rD9AVH4Q9U:1oY1Ih:YEorcsC_ySv8JSE45jeoMToXaqWk5MLViP5-SYcYo7U", "expire_date": "2022-09-27T08:29:47.492Z"}}, {"model": "sessions.session", "pk": "q6i7qrj629nwjqb7s1negl8tz8084dtr", "fields": {"session_data": ".eJxVjM0OgyAQhN9lzw0BBVGPvfcZyAq7lf5IA3oyvns18eJtMt83s8KP8jeWEtME_QqxOAzfuOc5L7TdwOEyj24plF0M0IOCSzegf9N0gPDC6ZmET9Oc4yAORZy0iEcK9Lmf7uVgxDLuay3RkKbaUMWSsbKVZiNZscSOmGTwijttGdvas7VNh7IZWmW40bpm8rD9AVH4Q9U:1oSyIL:xyAnHwkycdhIgq8YLvg2qvZoXQMwBE6POmDiyx44yOg", "expire_date": "2022-09-13T10:16:33.411Z"}}, {"model": "sessions.session", "pk": "q9stuflanbfhqv75d06gqy86kdobfp7y", "fields": {"session_data": "eyJwZXJtaXNzaW9uIjp7ImlzX2FkbWluIjp0cnVlfX0:1oNu3c:6eYQ3bVe4CVvtoU5T9quYIIhALW3RPhN4e2SpCj5LwY", "expire_date": "2022-08-30T10:44:24.546Z"}}, {"model": "sessions.session", "pk": "roqtrpnwczptwpwdeqh4n4nknk0bmq60", "fields": {"session_data": ".eJxVjEEOgyAURO_CuiGgIOqy-56BfOH_SqvQgK6Md68mLtrdZObN25iFdRntWjDb4FnPJLv9dgO4N8Zz8C-Iz8RdiksOAz8Rfq2FP5LH6X6xf4IRyni8lQCNCmuNFQmCylSKtCBJAjokFN5J6pQhaGtHxjQdiGZopaZGqZrQHdIP5jmUElJk_cZCseDncGSCqeC-fwG6mUQg:1ouq0Z:LC-iU-UltDqG37NvlI0UiLdrGJ-DZ8RF7XEm_Ax1Y8o", "expire_date": "2022-11-29T07:05:23.118Z"}}, {"model": "sessions.session", "pk": "uyw3dih73tby9q9d83r6er699fnl52gw", "fields": {"session_data": ".eJxVjMsOwiAQRf-FtSG8KS7d-w1kgBmpGkhKuzL-uzbpQrf3nHNfLMK21rgNXOJc2JlJdvrdEuQHth2UO7Rb57m3dZkT3xV-0MGvveDzcrh_BxVG_dZGgEWD2qIiQaC8MmQFSRIQkFCULCkYTzDpTN67AMKlSVpyxmjCzN4f9Fc4aA:1p25gQ:oxZgPnoROuDXJT2Rp14Eq5d4DYFXj106EJGYSG0Kwzs", "expire_date": "2022-12-19T07:14:34.996Z"}}, {"model": "sessions.session", "pk": "v2gz7jomnjb1ktngptc8n2yvj21hy9b4", "fields": {"session_data": "eyJwZXJtaXNzaW9uIjp7ImlzX2FkbWluIjp0cnVlfX0:1oh5ti:SQBgY3XH6yZggDamRfnA5-Hjyp3RY99FL4Il_IxcBAM", "expire_date": "2022-10-22T09:13:30.881Z"}}, {"model": "sessions.session", "pk": "vdmswvmyn9lg4kgon131wlsnqxjgmxb4", "fields": {"session_data": "eyJwZXJtaXNzaW9uIjp7ImlzX2FkbWluIjp0cnVlfX0:1p0arH:5xEdhSMkbtKT7t0lnPpRL00LFhRh1k1iYyv2KddDHwI", "expire_date": "2022-12-15T04:07:35.871Z"}}, {"model": "sessions.session", "pk": "vp0oz125d5xh1am5vy4nstch4slz556d", "fields": {"session_data": "eyJwZXJtaXNzaW9uIjp7ImlzX2FkbWluIjp0cnVlfX0:1okGzc:mEhvn-_NgKuwd3iCfC2JIW6VAkQDu_G8A4HdAI9ioUc", "expire_date": "2022-10-31T03:40:44.971Z"}}, {"model": "sessions.session", "pk": "wjdy00tmna9vo9uvbtrb0ezsadicp02h", "fields": {"session_data": "eyJwZXJtaXNzaW9uIjp7ImlzX2FkbWluIjp0cnVlfX0:1otA4n:GniTyfS1w-eFPDzNQgNoryb35734rTklbE4Jt-hMc-0", "expire_date": "2022-11-24T16:06:49.182Z"}}, {"model": "sessions.session", "pk": "x3yr0v3hnhyyu4ed35rcsjgatrf3iesw", "fields": {"session_data": "eyJwZXJtaXNzaW9uIjp7ImlzX2FkbWluIjp0cnVlfX0:1oJphU:gfTfZyFHp-qheHeJu4HQTeIfw76CAZcg6gXlITmYl-w", "expire_date": "2022-08-19T05:16:44.069Z"}}, {"model": "sessions.session", "pk": "xkdcioxiskmeq1pa75gcjl74xg62uyhz", "fields": {"session_data": "eyJwZXJtaXNzaW9uIjp7ImlzX2FkbWluIjp0cnVlfX0:1p248b:-PLYQmJ6HpzFqIw0F9BEkarRSKsZDSEw_QA7FZ-xRdA", "expire_date": "2022-12-19T05:35:33.070Z"}}, {"model": "adminapp.client", "pk": 1, "fields": {"client_name": "shahil", "client_gst_number": "652", "client_id": "CLT1001", "client_phone": "98209277", "client_email": "keji@mailinator.com", "client_state": "Cumque culpa corrupt", "client_district": "Perferendis rerum ni", "client_zipcode": "58927", "client_address": "Exercitation eu omni", "client_whsatpp": "Quasi voluptas facer", "client_contact_type": "phone number", "client_status": "Active", "client_bankholder": "", "client_bankname": "", "client_ifsc": "", "client_actnnumber": ""}}, {"model": "adminapp.client", "pk": 2, "fields": {"client_name": "Confetti", "client_gst_number": "abcd12", "client_id": "CLT1002", "client_phone": "9562789563", "client_email": "abc@gmail.com", "client_state": "Kerala", "client_district": "Malappuram", "client_zipcode": "673638", "client_address": "asjfdyvcthwref vt r", "client_whsatpp": "9562789563", "client_contact_type": "whatsapp", "client_status": "InActive", "client_bankholder": "", "client_bankname": "", "client_ifsc": "", "client_actnnumber": ""}}, {"model": "adminapp.client", "pk": 3, "fields": {"client_name": "abc", "client_gst_number": "abcd11", "client_id": "CLT1003", "client_phone": "8086757074", "client_email": "abc@gmail.com", "client_state": "Kerala", "client_district": "Kozhikode", "client_zipcode": "673021", "client_address": "rgwrsg", "client_whsatpp": "8086757074", "client_contact_type": "whatsapp", "client_status": "InActive", "client_bankholder": "", "client_bankname": "", "client_ifsc": "", "client_actnnumber": ""}}, {"model": "adminapp.client", "pk": 4, "fields": {"client_name": "vivek", "client_gst_number": "GST000214789653", "client_id": "CLT1004", "client_phone": "9744800986", "client_email": "abc@gmail.com", "client_state": "Kerala", "client_district": "Malappuram", "client_zipcode": "673021", "client_address": "mini ooty", "client_whsatpp": "9744800986", "client_contact_type": "whatsapp", "client_status": "Active", "client_bankholder": "", "client_bankname": "", "client_ifsc": "", "client_actnnumber": ""}}, {"model": "adminapp.client", "pk": 5, "fields": {"client_name": "swathi", "client_gst_number": "GST000214785060", "client_id": "CLT1005", "client_phone": "9497176050", "client_email": "abc123@gmail.com", "client_state": "Kerala", "client_district": "Malappuram", "client_zipcode": "673638", "client_address": "yooyo hosue", "client_whsatpp": "9497176050", "client_contact_type": "whatsapp", "client_status": "Active", "client_bankholder": "", "client_bankname": "", "client_ifsc": "", "client_actnnumber": ""}}, {"model": "adminapp.client", "pk": 6, "fields": {"client_name": "Stella Fuller", "client_gst_number": "198", "client_id": "CLT1006", "client_phone": "+1 (807) 435-5832", "client_email": "bowizen@mailinator.com", "client_state": "Pariatur Qui Nam en", "client_district": "In voluptatem Eos n", "client_zipcode": "46604", "client_address": "Natus Nam Nam perfer", "client_whsatpp": "Labore ad nulla proi", "client_contact_type": "whatsapp", "client_status": "Active", "client_bankholder": "", "client_bankname": "", "client_ifsc": "", "client_actnnumber": ""}}, {"model": "adminapp.client", "pk": 7, "fields": {"client_name": "anusreeee", "client_gst_number": "", "client_id": "CLT1007", "client_phone": "112211", "client_email": "abc@gamil.com", "client_state": "kerala", "client_district": "Malappuram ", "client_zipcode": "fe", "client_address": "fsdaf", "client_whsatpp": "112211", "client_contact_type": "email", "client_status": "Active", "client_bankholder": "", "client_bankname": "", "client_ifsc": "", "client_actnnumber": ""}}, {"model": "adminapp.client", "pk": 8, "fields": {"client_name": "visnhu", "client_gst_number": "984", "client_id": "CLT1008", "client_phone": "8888", "client_email": "katexajiq@mailinator.com", "client_state": "Voluptas molestias u", "client_district": "Est temporibus vel q", "client_zipcode": "13152", "client_address": "Excepturi aut tempor", "client_whsatpp": "Eligendi esse culpa", "client_contact_type": "phone number", "client_status": "Active", "client_bankholder": "", "client_bankname": "", "client_ifsc": "", "client_actnnumber": ""}}, {"model": "adminapp.client", "pk": 9, "fields": {"client_name": "Hayden Hayden", "client_gst_number": "549", "client_id": "CLT1009", "client_phone": "+1 (636) 117-1245", "client_email": "texyc@mailinator.com", "client_state": "Exercitationem dolor", "client_district": "Veniam similique qu", "client_zipcode": "16781", "client_address": "Non et non esse ea p", "client_whsatpp": "Autem nulla quaerat ", "client_contact_type": "phone number", "client_status": "Active", "client_bankholder": "", "client_bankname": "", "client_ifsc": "", "client_actnnumber": ""}}, {"model": "adminapp.client", "pk": 10, "fields": {"client_name": "Sisira", "client_gst_number": "298", "client_id": "CLT1010", "client_phone": "7306445534", "client_email": "xivakov@mailinator.com", "client_state": "Rerum quis a expedit", "client_district": "Optio distinctio E", "client_zipcode": "98463", "client_address": "Ipsum sint digniss", "client_whsatpp": "Libero quaerat nihil", "client_contact_type": "whatsapp", "client_status": "Active", "client_bankholder": "", "client_bankname": "", "client_ifsc": "", "client_actnnumber": ""}}, {"model": "adminapp.client", "pk": 11, "fields": {"client_name": "favad", "client_gst_number": "", "client_id": "CLT1011", "client_phone": "99889988", "client_email": "aa@gmail.com", "client_state": "kerala", "client_district": "malappuram", "client_zipcode": "673638", "client_address": "aa", "client_whsatpp": "77", "client_contact_type": "whatsapp", "client_status": "Active", "client_bankholder": "", "client_bankname": "", "client_ifsc": "", "client_actnnumber": ""}}, {"model": "adminapp.client", "pk": 12, "fields": {"client_name": "favad", "client_gst_number": "iihi", "client_id": "CLT1012", "client_phone": "78", "client_email": "aa@gmail.com", "client_state": "kerala", "client_district": "malappuram", "client_zipcode": "673638", "client_address": "fdiudud", "client_whsatpp": "678", "client_contact_type": "whatsapp", "client_status": "Active", "client_bankholder": "", "client_bankname": "", "client_ifsc": "", "client_actnnumber": ""}}, {"model": "adminapp.client", "pk": 13, "fields": {"client_name": "favad", "client_gst_number": "iihi", "client_id": "CLT1013", "client_phone": "78", "client_email": "aa@gmail.com", "client_state": "kerala", "client_district": "malappuram", "client_zipcode": "673638", "client_address": "fdiudud", "client_whsatpp": "678", "client_contact_type": "whatsapp", "client_status": "Active", "client_bankholder": "", "client_bankname": "", "client_ifsc": "", "client_actnnumber": ""}}, {"model": "adminapp.client", "pk": 14, "fields": {"client_name": "favad muhd", "client_gst_number": "kjbyugul", "client_id": "CLT1014", "client_phone": "8943544596", "client_email": "aa@gmail.com", "client_state": "kerala", "client_district": "malappuram", "client_zipcode": "673638", "client_address": "biyhgi", "client_whsatpp": "67890", "client_contact_type": "whatsapp", "client_status": "Active", "client_bankholder": "", "client_bankname": "", "client_ifsc": "", "client_actnnumber": ""}}, {"model": "adminapp.client", "pk": 15, "fields": {"client_name": "gfukguyg", "client_gst_number": "mnbjhfgd", "client_id": "CLT1015", "client_phone": "8943544598", "client_email": "aa@gmail.com", "client_state": "kerala", "client_district": "malappuram", "client_zipcode": "673638", "client_address": "htrdsdfghj", "client_whsatpp": "77", "client_contact_type": "whatsapp", "client_status": "Active", "client_bankholder": "", "client_bankname": "", "client_ifsc": "", "client_actnnumber": ""}}, {"model": "adminapp.client", "pk": 16, "fields": {"client_name": "favad muhdhgfdfghj", "client_gst_number": "nbhg", "client_id": "CLT1016", "client_phone": "99889983", "client_email": "aa@gmail.com", "client_state": "jgh", "client_district": "malappuram", "client_zipcode": "673638", "client_address": "jghjk", "client_whsatpp": "77", "client_contact_type": "whatsapp", "client_status": "Active", "client_bankholder": "", "client_bankname": "", "client_ifsc": "", "client_actnnumber": ""}}, {"model": "adminapp.client", "pk": 17, "fields": {"client_name": "CMR", "client_gst_number": "", "client_id": "CLT1017", "client_phone": "Nill", "client_email": "", "client_state": "KERALA", "client_district": "KOZHIKODE", "client_zipcode": "", "client_address": "VENU: MERUZILA", "client_whsatpp": "", "client_contact_type": "whatsapp", "client_status": "InActive", "client_bankholder": "", "client_bankname": "", "client_ifsc": "", "client_actnnumber": ""}}, {"model": "adminapp.client", "pk": 18, "fields": {"client_name": "CMR", "client_gst_number": "", "client_id": "CLT1018", "client_phone": "NULL", "client_email": "", "client_state": "KERALA", "client_district": "KOZHIKODE", "client_zipcode": "", "client_address": "VENU: MERUZILA", "client_whsatpp": "", "client_contact_type": "whatsapp", "client_status": "Active", "client_bankholder": "", "client_bankname": "", "client_ifsc": "", "client_actnnumber": ""}}, {"model": "adminapp.client", "pk": 19, "fields": {"client_name": "PARAMBADAN", "client_gst_number": "32DHLPM3616R1ZT", "client_id": "CLT1019", "client_phone": "8590752181", "client_email": "parambadanblocks@gmail.com", "client_state": "KERALA", "client_district": "MALAPPURAM", "client_zipcode": "673645", "client_address": "MUKKAM,KARUTHAPARAMBA", "client_whsatpp": "8590752181", "client_contact_type": "whatsapp", "client_status": "Active", "client_bankholder": "", "client_bankname": "", "client_ifsc": "", "client_actnnumber": ""}}, {"model": "adminapp.client", "pk": 20, "fields": {"client_name": "PARAMBADAN", "client_gst_number": " jhbvjhbj", "client_id": "CLT1020", "client_phone": "PARAMBADAN", "client_email": "hgjhg@gmail.com", "client_state": "kerala", "client_district": "Malappuram", "client_zipcode": "876556789", "client_address": "lkjlj,huyguy", "client_whsatpp": "4567890-", "client_contact_type": "email", "client_status": "Active", "client_bankholder": "", "client_bankname": "", "client_ifsc": "", "client_actnnumber": ""}}, {"model": "adminapp.client", "pk": 21, "fields": {"client_name": "guy", "client_gst_number": "n kjjnkj", "client_id": "CLT1021", "client_phone": "567890", "client_email": "gcvhfd@gmail.com", "client_state": "kerala", "client_district": "Malappuram", "client_zipcode": "677689", "client_address": "guytuiuhyiy", "client_whsatpp": "335465676", "client_contact_type": "whatsapp", "client_status": "Active", "client_bankholder": "", "client_bankname": "", "client_ifsc": "", "client_actnnumber": ""}}, {"model": "adminapp.client", "pk": 22, "fields": {"client_name": "favad12", "client_gst_number": "obj,ygu", "client_id": "CLT1022", "client_phone": "gfhjgfkhj", "client_email": "vcgfd@gmail.com", "client_state": "jhugj", "client_district": "jgvht", "client_zipcode": "687668", "client_address": "yktfguiu", "client_whsatpp": "65456789765", "client_contact_type": "whatsapp", "client_status": "Active", "client_bankholder": "", "client_bankname": "", "client_ifsc": "", "client_actnnumber": ""}}, {"model": "adminapp.client", "pk": 23, "fields": {"client_name": "8934544596", "client_gst_number": "nb656890", "client_id": "CLT1023", "client_phone": "8943108000", "client_email": "hgjyguk@gmail.com", "client_state": "kerala", "client_district": "Malappuram", "client_zipcode": "868698", "client_address": "hyugiuh;oi", "client_whsatpp": "8943544596", "client_contact_type": "whatsapp", "client_status": "Active", "client_bankholder": "", "client_bankname": "", "client_ifsc": "", "client_actnnumber": ""}}, {"model": "adminapp.client", "pk": 24, "fields": {"client_name": "rashi fiesta", "client_gst_number": "r76tu6t788", "client_id": "CLT1024", "client_phone": "8589964346", "client_email": "jhguguygu@gmail.com", "client_state": "kerala", "client_district": "Malappuram", "client_zipcode": "797977", "client_address": "gvutyfgu", "client_whsatpp": "8943108000", "client_contact_type": "whatsapp", "client_status": "Active", "client_bankholder": "", "client_bankname": "", "client_ifsc": "", "client_actnnumber": ""}}, {"model": "adminapp.client", "pk": 25, "fields": {"client_name": "FAVAS FIESTA", "client_gst_number": "KHIUHLIH", "client_id": "CLT1025", "client_phone": "8943544599", "client_email": "JHJIHUI@HGMAIL.COM", "client_state": "KERALA", "client_district": "MALAPPURAM", "client_zipcode": "5678990", "client_address": "KJHILKJOIUYGUH", "client_whsatpp": "8943544599", "client_contact_type": "whatsapp", "client_status": "Active", "client_bankholder": "", "client_bankname": "", "client_ifsc": "", "client_actnnumber": ""}}, {"model": "adminapp.product", "pk": 1, "fields": {"food_name": "chicken biriyani", "catagory": "biriyani", "priceper_head": 23, "priceper_kg": 344, "food_deatails": "gng", "food_status": false}}, {"model": "adminapp.product", "pk": 2, "fields": {"food_name": "nooodles spicy", "catagory": "", "priceper_head": 45, "priceper_kg": 445, "food_deatails": "efdfvdf", "food_status": false}}, {"model": "adminapp.product", "pk": 3, "fields": {"food_name": "ghee rice", "catagory": "main course", "priceper_head": 50, "priceper_kg": 300, "food_deatails": "tasty", "food_status": false}}, {"model": "adminapp.product", "pk": 4, "fields": {"food_name": "Broast", "catagory": "main course", "priceper_head": 100, "priceper_kg": 250, "food_deatails": "as", "food_status": false}}, {"model": "adminapp.product", "pk": 5, "fields": {"food_name": "lime", "catagory": "", "priceper_head": 22, "priceper_kg": 45, "food_deatails": "fdhdfh", "food_status": false}}, {"model": "adminapp.product", "pk": 6, "fields": {"food_name": " biriyani chicken", "catagory": "biriyani", "priceper_head": 123, "priceper_kg": 2222, "food_deatails": "abc", "food_status": false}}, {"model": "adminapp.product", "pk": 7, "fields": {"food_name": "majboos", "catagory": "rice", "priceper_head": 100, "priceper_kg": 200, "food_deatails": "qedfwe", "food_status": false}}, {"model": "adminapp.product", "pk": 8, "fields": {"food_name": "majboos", "catagory": "rice", "priceper_head": 100, "priceper_kg": 200, "food_deatails": "qedfwe", "food_status": false}}, {"model": "adminapp.product", "pk": 9, "fields": {"food_name": "PALAPPAM LIVE", "catagory": "BREADS", "priceper_head": 0, "priceper_kg": 0, "food_deatails": "", "food_status": true}}, {"model": "adminapp.product", "pk": 10, "fields": {"food_name": "COIN PAROTTA", "catagory": "BREADS", "priceper_head": 0, "priceper_kg": 0, "food_deatails": "", "food_status": true}}, {"model": "adminapp.product", "pk": 11, "fields": {"food_name": "GHEE RICE", "catagory": "RICE", "priceper_head": 0, "priceper_kg": 0, "food_deatails": "", "food_status": true}}, {"model": "adminapp.product", "pk": 12, "fields": {"food_name": "CHICKEN KURUMA", "catagory": "GRAVY", "priceper_head": 0, "priceper_kg": 0, "food_deatails": "", "food_status": true}}, {"model": "adminapp.product", "pk": 13, "fields": {"food_name": "VEG KURUMA", "catagory": "GRAVY", "priceper_head": 0, "priceper_kg": 0, "food_deatails": "", "food_status": true}}, {"model": "adminapp.product", "pk": 14, "fields": {"food_name": "BEEF FRY", "catagory": "SIDE DISH", "priceper_head": 0, "priceper_kg": 0, "food_deatails": "", "food_status": true}}, {"model": "adminapp.product", "pk": 15, "fields": {"food_name": "MIXED SALAD", "catagory": "SALADS", "priceper_head": 0, "priceper_kg": 0, "food_deatails": "", "food_status": true}}, {"model": "adminapp.product", "pk": 16, "fields": {"food_name": "SWEET PICKLE", "catagory": "SALADS", "priceper_head": 0, "priceper_kg": 0, "food_deatails": "", "food_status": true}}, {"model": "adminapp.product", "pk": 17, "fields": {"food_name": "TENDER PAYASAM", "catagory": "DESSERT", "priceper_head": 0, "priceper_kg": 0, "food_deatails": "", "food_status": true}}, {"model": "adminapp.product", "pk": 18, "fields": {"food_name": "GULAB JAMUN", "catagory": "DESSERT", "priceper_head": 0, "priceper_kg": 0, "food_deatails": "", "food_status": true}}, {"model": "adminapp.product", "pk": 19, "fields": {"food_name": "GULAB JAMUN", "catagory": "DESSERT", "priceper_head": 0, "priceper_kg": 0, "food_deatails": "", "food_status": true}}, {"model": "adminapp.product", "pk": 20, "fields": {"food_name": "DRINKING WATER", "catagory": "WATER", "priceper_head": 0, "priceper_kg": 0, "food_deatails": "", "food_status": false}}, {"model": "adminapp.product", "pk": 21, "fields": {"food_name": "DRINKING WATER", "catagory": "300 ML BOTTLE WATER", "priceper_head": 0, "priceper_kg": 0, "food_deatails": "", "food_status": true}}, {"model": "adminapp.product", "pk": 22, "fields": {"food_name": "PUMKIN JUICE", "catagory": "WELCOME DRINK", "priceper_head": 0, "priceper_kg": 0, "food_deatails": "", "food_status": true}}, {"model": "adminapp.product", "pk": 23, "fields": {"food_name": "WATER MELON", "catagory": "WELCOME DRINK", "priceper_head": 0, "priceper_kg": 0, "food_deatails": "", "food_status": true}}, {"model": "adminapp.product", "pk": 24, "fields": {"food_name": "MINT LIME", "catagory": "WELCOME DRINK", "priceper_head": 0, "priceper_kg": 0, "food_deatails": "", "food_status": true}}, {"model": "adminapp.product", "pk": 25, "fields": {"food_name": "CHICKEN KABILY", "catagory": "RICE", "priceper_head": 0, "priceper_kg": 0, "food_deatails": "", "food_status": true}}, {"model": "adminapp.product", "pk": 26, "fields": {"food_name": "MUTTON KURUMA", "catagory": "GRAVY", "priceper_head": 0, "priceper_kg": 0, "food_deatails": "", "food_status": true}}, {"model": "adminapp.product", "pk": 27, "fields": {"food_name": "CHICKEN FIESTA FRY", "catagory": "SIDE DISH", "priceper_head": 0, "priceper_kg": 0, "food_deatails": "", "food_status": true}}, {"model": "adminapp.product", "pk": 28, "fields": {"food_name": "BEEF NADAN VARAT", "catagory": "SIDE DISH", "priceper_head": 0, "priceper_kg": 0, "food_deatails": "", "food_status": true}}, {"model": "adminapp.product", "pk": 29, "fields": {"food_name": "KING FISH TAWA", "catagory": "SIDE DISH", "priceper_head": 0, "priceper_kg": 0, "food_deatails": "", "food_status": true}}, {"model": "adminapp.product", "pk": 30, "fields": {"food_name": "RAITHA", "catagory": "SALADS", "priceper_head": 0, "priceper_kg": 0, "food_deatails": "", "food_status": true}}, {"model": "adminapp.product", "pk": 31, "fields": {"food_name": "VEG MEALS", "catagory": "VEG", "priceper_head": 0, "priceper_kg": 0, "food_deatails": "", "food_status": true}}, {"model": "adminapp.product", "pk": 32, "fields": {"food_name": "RICE", "catagory": "VEG", "priceper_head": 0, "priceper_kg": 0, "food_deatails": "", "food_status": true}}, {"model": "adminapp.product", "pk": 33, "fields": {"food_name": "SAMBAR", "catagory": "VEG", "priceper_head": 0, "priceper_kg": 0, "food_deatails": "", "food_status": true}}, {"model": "adminapp.product", "pk": 34, "fields": {"food_name": "FISH CURRY", "catagory": "VEG", "priceper_head": 0, "priceper_kg": 0, "food_deatails": "", "food_status": true}}, {"model": "adminapp.product", "pk": 35, "fields": {"food_name": "UPPERI", "catagory": "VEG", "priceper_head": 0, "priceper_kg": 0, "food_deatails": "", "food_status": true}}, {"model": "adminapp.product", "pk": 36, "fields": {"food_name": "PAPPADAM", "catagory": "VEG", "priceper_head": 0, "priceper_kg": 0, "food_deatails": "", "food_status": true}}, {"model": "adminapp.product", "pk": 37, "fields": {"food_name": "TRES LECHES PUDDING", "catagory": "DESSERT", "priceper_head": 0, "priceper_kg": 0, "food_deatails": "", "food_status": true}}, {"model": "adminapp.product", "pk": 38, "fields": {"food_name": "COCONUT PUDDING", "catagory": "DESSERT", "priceper_head": 0, "priceper_kg": 0, "food_deatails": "", "food_status": true}}, {"model": "adminapp.product", "pk": 39, "fields": {"food_name": "MOJITOS", "catagory": "WELCOME DRINK", "priceper_head": 0, "priceper_kg": 0, "food_deatails": "", "food_status": true}}, {"model": "adminapp.product", "pk": 40, "fields": {"food_name": "PINEAPPLE LIME", "catagory": "WELCOME DRINK", "priceper_head": 0, "priceper_kg": 0, "food_deatails": "", "food_status": true}}, {"model": "adminapp.product", "pk": 41, "fields": {"food_name": "SWEET CORN CKN SOUP", "catagory": "SOUP", "priceper_head": 0, "priceper_kg": 0, "food_deatails": "", "food_status": true}}, {"model": "adminapp.product", "pk": 42, "fields": {"food_name": "CHICKEN KATHAIF", "catagory": "STARTER", "priceper_head": 0, "priceper_kg": 0, "food_deatails": "", "food_status": true}}, {"model": "adminapp.product", "pk": 43, "fields": {"food_name": "CHEESE BALL", "catagory": "STARTER", "priceper_head": 0, "priceper_kg": 0, "food_deatails": "", "food_status": true}}, {"model": "adminapp.product", "pk": 44, "fields": {"food_name": "CHAT COUNTER", "catagory": "STARTER", "priceper_head": 0, "priceper_kg": 0, "food_deatails": "", "food_status": true}}, {"model": "adminapp.product", "pk": 45, "fields": {"food_name": "FISH MAJBOOS", "catagory": "RICE", "priceper_head": 0, "priceper_kg": 0, "food_deatails": "", "food_status": true}}, {"model": "adminapp.product", "pk": 46, "fields": {"food_name": "NOOL PAROTTA", "catagory": "BREADS", "priceper_head": 0, "priceper_kg": 0, "food_deatails": "", "food_status": true}}, {"model": "adminapp.product", "pk": 47, "fields": {"food_name": "BHATURA", "catagory": "BREADS", "priceper_head": 0, "priceper_kg": 0, "food_deatails": "", "food_status": true}}, {"model": "adminapp.product", "pk": 48, "fields": {"food_name": "MUTHABAK", "catagory": "BREADS", "priceper_head": 0, "priceper_kg": 0, "food_deatails": "", "food_status": true}}, {"model": "adminapp.product", "pk": 49, "fields": {"food_name": "MIXED PUTT", "catagory": "BREADS", "priceper_head": 0, "priceper_kg": 0, "food_deatails": "", "food_status": true}}, {"model": "adminapp.product", "pk": 50, "fields": {"food_name": "CHICKEN MAPAS", "catagory": "GRAVY", "priceper_head": 0, "priceper_kg": 0, "food_deatails": "", "food_status": true}}, {"model": "adminapp.product", "pk": 51, "fields": {"food_name": "SPRING KETHAL FRY", "catagory": "SIDE DISH", "priceper_head": 0, "priceper_kg": 0, "food_deatails": "", "food_status": true}}, {"model": "adminapp.product", "pk": 52, "fields": {"food_name": "BEEF RIBS FRY", "catagory": "SIDE DISH", "priceper_head": 0, "priceper_kg": 0, "food_deatails": "", "food_status": true}}, {"model": "adminapp.product", "pk": 53, "fields": {"food_name": "MUTTON FULL", "catagory": "SIDE DISH", "priceper_head": 0, "priceper_kg": 0, "food_deatails": "", "food_status": true}}, {"model": "adminapp.product", "pk": 54, "fields": {"food_name": "ARABIAN BAKLAWA", "catagory": "DESSERT", "priceper_head": 0, "priceper_kg": 0, "food_deatails": "", "food_status": true}}, {"model": "adminapp.product", "pk": 55, "fields": {"food_name": "PASTA SALAD", "catagory": "SALADS", "priceper_head": 0, "priceper_kg": 0, "food_deatails": "", "food_status": true}}, {"model": "adminapp.product", "pk": 56, "fields": {"food_name": "FATHOUSHA SALAD", "catagory": "SALADS", "priceper_head": 0, "priceper_kg": 0, "food_deatails": "", "food_status": true}}, {"model": "adminapp.product", "pk": 57, "fields": {"food_name": "PINEAPPLE SALAD", "catagory": "SALADS", "priceper_head": 0, "priceper_kg": 0, "food_deatails": "", "food_status": true}}, {"model": "adminapp.product", "pk": 58, "fields": {"food_name": "MINI FALOODA", "catagory": "DESSERT", "priceper_head": 0, "priceper_kg": 0, "food_deatails": "", "food_status": true}}, {"model": "adminapp.product", "pk": 59, "fields": {"food_name": "TEA", "catagory": "LIVE TEA COUNTER", "priceper_head": 0, "priceper_kg": 0, "food_deatails": "", "food_status": true}}, {"model": "adminapp.product", "pk": 60, "fields": {"food_name": "DOSA COUNTER LIVE", "catagory": "BREADS", "priceper_head": 0, "priceper_kg": 0, "food_deatails": "", "food_status": true}}, {"model": "adminapp.product", "pk": 61, "fields": {"food_name": "KANNU VECHA PATHIRI LIVE", "catagory": "BREADS", "priceper_head": 0, "priceper_kg": 0, "food_deatails": "", "food_status": true}}, {"model": "adminapp.product", "pk": 62, "fields": {"food_name": "CHICKEN CHETTINADU", "catagory": "GRAVY", "priceper_head": 0, "priceper_kg": 0, "food_deatails": "", "food_status": true}}, {"model": "adminapp.product", "pk": 63, "fields": {"food_name": "BEEF KONDATTAM", "catagory": "SIDE DISH", "priceper_head": 0, "priceper_kg": 0, "food_deatails": "", "food_status": true}}, {"model": "adminapp.product", "pk": 64, "fields": {"food_name": "SPICY PICKLE", "catagory": "SALADS", "priceper_head": 0, "priceper_kg": 0, "food_deatails": "", "food_status": true}}, {"model": "adminapp.product", "pk": 65, "fields": {"food_name": "VEG JAIPURI", "catagory": "VEG", "priceper_head": 0, "priceper_kg": 0, "food_deatails": "", "food_status": true}}, {"model": "adminapp.product", "pk": 66, "fields": {"food_name": "PANEER SATAY", "catagory": "VEG", "priceper_head": 0, "priceper_kg": 0, "food_deatails": "", "food_status": true}}, {"model": "adminapp.product", "pk": 67, "fields": {"food_name": "MEMORICE", "catagory": "DESSERT", "priceper_head": 0, "priceper_kg": 0, "food_deatails": "", "food_status": true}}, {"model": "adminapp.product", "pk": 68, "fields": {"food_name": "ICE CREAM", "catagory": "DESSERT", "priceper_head": 0, "priceper_kg": 0, "food_deatails": "", "food_status": true}}, {"model": "adminapp.product", "pk": 69, "fields": {"food_name": "KUTTAN DUM BIRIYANI", "catagory": "RICE", "priceper_head": 0, "priceper_kg": 0, "food_deatails": "", "food_status": true}}, {"model": "adminapp.product", "pk": 70, "fields": {"food_name": "CHICKEN BROAST", "catagory": "SIDE DISH", "priceper_head": 0, "priceper_kg": 0, "food_deatails": "", "food_status": true}}, {"model": "adminapp.product", "pk": 71, "fields": {"food_name": "THOOM", "catagory": "SALADS", "priceper_head": 0, "priceper_kg": 0, "food_deatails": "", "food_status": true}}, {"model": "adminapp.product", "pk": 72, "fields": {"food_name": "AVIAL", "catagory": "VEG", "priceper_head": 0, "priceper_kg": 0, "food_deatails": "", "food_status": true}}, {"model": "adminapp.product", "pk": 73, "fields": {"food_name": "RASMALAI", "catagory": "DESSERT", "priceper_head": 0, "priceper_kg": 0, "food_deatails": "", "food_status": true}}, {"model": "adminapp.product", "pk": 74, "fields": {"food_name": "FRENCH GRAPE", "catagory": "WELCOME DRINK", "priceper_head": 0, "priceper_kg": 0, "food_deatails": "", "food_status": true}}, {"model": "adminapp.product", "pk": 75, "fields": {"food_name": "FISH ASORTED KIZHI", "catagory": "SIDE DISH", "priceper_head": 0, "priceper_kg": 0, "food_deatails": "", "food_status": true}}, {"model": "adminapp.product", "pk": 76, "fields": {"food_name": "CUT FRUITS", "catagory": "DESSERT", "priceper_head": 0, "priceper_kg": 0, "food_deatails": "", "food_status": true}}, {"model": "adminapp.product", "pk": 77, "fields": {"food_name": "ELANEER JUICE", "catagory": "WELCOME DRINK", "priceper_head": 0, "priceper_kg": 0, "food_deatails": "", "food_status": true}}, {"model": "adminapp.product", "pk": 78, "fields": {"food_name": "NICE PATHIRI", "catagory": "BREADS", "priceper_head": 0, "priceper_kg": 0, "food_deatails": "", "food_status": true}}, {"model": "adminapp.product", "pk": 79, "fields": {"food_name": "CHAPATHI", "catagory": "BREADS", "priceper_head": 0, "priceper_kg": 0, "food_deatails": "", "food_status": true}}, {"model": "adminapp.product", "pk": 80, "fields": {"food_name": "MUTTON MANDI", "catagory": "RICE", "priceper_head": 0, "priceper_kg": 0, "food_deatails": "", "food_status": true}}, {"model": "adminapp.product", "pk": 81, "fields": {"food_name": "LEGORN CKN BIRIYANI", "catagory": "RICE", "priceper_head": 0, "priceper_kg": 0, "food_deatails": "", "food_status": true}}, {"model": "adminapp.product", "pk": 82, "fields": {"food_name": "FISH MOILEE", "catagory": "RICE", "priceper_head": 0, "priceper_kg": 0, "food_deatails": "", "food_status": true}}, {"model": "adminapp.product", "pk": 83, "fields": {"food_name": "KUTTAN KURUMA", "catagory": "GRAVY", "priceper_head": 0, "priceper_kg": 0, "food_deatails": "", "food_status": true}}, {"model": "adminapp.product", "pk": 84, "fields": {"food_name": "MAYONAISE SALAD", "catagory": "SALADS", "priceper_head": 0, "priceper_kg": 0, "food_deatails": "", "food_status": true}}, {"model": "adminapp.product", "pk": 85, "fields": {"food_name": "FULL CHICKEN NIRACHATH", "catagory": "SIDE DISH", "priceper_head": 0, "priceper_kg": 0, "food_deatails": "", "food_status": true}}, {"model": "adminapp.product", "pk": 86, "fields": {"food_name": "CHEESE KUNAFA", "catagory": "DESSERT", "priceper_head": 0, "priceper_kg": 0, "food_deatails": "", "food_status": true}}, {"model": "adminapp.product", "pk": 87, "fields": {"food_name": "GHEE PAK LIVE", "catagory": "DESSERT", "priceper_head": 0, "priceper_kg": 0, "food_deatails": "", "food_status": true}}, {"model": "adminapp.product", "pk": 88, "fields": {"food_name": "KAPPA", "catagory": "RICE", "priceper_head": 0, "priceper_kg": 0, "food_deatails": "", "food_status": true}}, {"model": "adminapp.product", "pk": 89, "fields": {"food_name": "JILEBI LIVE", "catagory": "DESSERT", "priceper_head": 0, "priceper_kg": 0, "food_deatails": "", "food_status": true}}, {"model": "adminapp.product", "pk": 90, "fields": {"food_name": "FRUIT SALAD WITH ICE CREAM", "catagory": "DESSERT", "priceper_head": 0, "priceper_kg": 0, "food_deatails": "", "food_status": true}}, {"model": "adminapp.product", "pk": 91, "fields": {"food_name": "VEG BIRIYANI", "catagory": "RICE", "priceper_head": 0, "priceper_kg": 0, "food_deatails": "", "food_status": true}}, {"model": "adminapp.product", "pk": 92, "fields": {"food_name": "PAZHAMPORI", "catagory": "SNACK", "priceper_head": 0, "priceper_kg": 0, "food_deatails": "", "food_status": true}}, {"model": "adminapp.product", "pk": 93, "fields": {"food_name": "KOZHIKODEN DUM BIRIYANI", "catagory": "RICE", "priceper_head": 0, "priceper_kg": 0, "food_deatails": "", "food_status": true}}, {"model": "adminapp.product", "pk": 94, "fields": {"food_name": "CHICKEN FRY", "catagory": "SIDE DISH", "priceper_head": 0, "priceper_kg": 0, "food_deatails": "", "food_status": true}}, {"model": "adminapp.product", "pk": 95, "fields": {"food_name": "CHICKEN AL FARHM", "catagory": "SIDE DISH", "priceper_head": 0, "priceper_kg": 0, "food_deatails": "", "food_status": true}}, {"model": "adminapp.product", "pk": 96, "fields": {"food_name": "PAPPANS FISH TAWA FRY", "catagory": "SIDE DISH", "priceper_head": 0, "priceper_kg": 0, "food_deatails": "", "food_status": true}}, {"model": "adminapp.product", "pk": 97, "fields": {"food_name": "CHOCLATE PUDDING", "catagory": "DESSERT", "priceper_head": 0, "priceper_kg": 0, "food_deatails": "", "food_status": true}}, {"model": "adminapp.product", "pk": 98, "fields": {"food_name": "FISH PWOLICHATH", "catagory": "SIDE DISH", "priceper_head": 0, "priceper_kg": 0, "food_deatails": "", "food_status": true}}, {"model": "adminapp.product", "pk": 99, "fields": {"food_name": "ELANEER PAYASAM", "catagory": "DESSERT", "priceper_head": 0, "priceper_kg": 0, "food_deatails": "", "food_status": true}}, {"model": "adminapp.product", "pk": 100, "fields": {"food_name": "ELANEER PAYASAM", "catagory": "DESSERT", "priceper_head": 0, "priceper_kg": 0, "food_deatails": "", "food_status": true}}, {"model": "adminapp.product", "pk": 101, "fields": {"food_name": "CRAB BALL", "catagory": "STARTER", "priceper_head": 0, "priceper_kg": 0, "food_deatails": "", "food_status": true}}, {"model": "adminapp.product", "pk": 102, "fields": {"food_name": "PALAPPAM", "catagory": "BREADS", "priceper_head": 0, "priceper_kg": 0, "food_deatails": "", "food_status": true}}, {"model": "adminapp.product", "pk": 103, "fields": {"food_name": "CHICKEN NOODLES", "catagory": "RICE", "priceper_head": 0, "priceper_kg": 0, "food_deatails": "", "food_status": true}}, {"model": "adminapp.product", "pk": 104, "fields": {"food_name": "KUTTAN MAPAS", "catagory": "GRAVY", "priceper_head": 0, "priceper_kg": 0, "food_deatails": "", "food_status": true}}, {"model": "adminapp.product", "pk": 105, "fields": {"food_name": "KADAI CHICKEN", "catagory": "GRAVY", "priceper_head": 0, "priceper_kg": 0, "food_deatails": "", "food_status": true}}, {"model": "adminapp.product", "pk": 106, "fields": {"food_name": "RUSSIAN SALAD", "catagory": "SALADS", "priceper_head": 0, "priceper_kg": 0, "food_deatails": "", "food_status": true}}, {"model": "adminapp.product", "pk": 107, "fields": {"food_name": "CARROT HALWA", "catagory": "DESSERT", "priceper_head": 0, "priceper_kg": 0, "food_deatails": "", "food_status": true}}, {"model": "adminapp.product", "pk": 108, "fields": {"food_name": "SHATHA", "catagory": "SALADS", "priceper_head": 0, "priceper_kg": 0, "food_deatails": "", "food_status": true}}, {"model": "adminapp.product", "pk": 109, "fields": {"food_name": "VEG FRIED RICE", "catagory": "RICE", "priceper_head": 0, "priceper_kg": 0, "food_deatails": "", "food_status": true}}, {"model": "adminapp.product", "pk": 110, "fields": {"food_name": "CHICKEN STEW", "catagory": "GRAVY", "priceper_head": 0, "priceper_kg": 0, "food_deatails": "", "food_status": true}}, {"model": "adminapp.product", "pk": 111, "fields": {"food_name": "CHICKEN STEW", "catagory": "GRAVY", "priceper_head": 0, "priceper_kg": 0, "food_deatails": "", "food_status": true}}, {"model": "adminapp.product", "pk": 112, "fields": {"food_name": "BUTTER CHICKEN MASALA", "catagory": "GRAVY", "priceper_head": 0, "priceper_kg": 0, "food_deatails": "", "food_status": true}}, {"model": "adminapp.product", "pk": 113, "fields": {"food_name": "KETHARA FISH CURRY", "catagory": "GRAVY", "priceper_head": 0, "priceper_kg": 0, "food_deatails": "", "food_status": true}}, {"model": "adminapp.product", "pk": 114, "fields": {"food_name": "GOBI 65", "catagory": "VEG", "priceper_head": 0, "priceper_kg": 0, "food_deatails": "", "food_status": true}}, {"model": "adminapp.product", "pk": 115, "fields": {"food_name": "HOT BADAM", "catagory": "WELCOME DRINK", "priceper_head": 0, "priceper_kg": 0, "food_deatails": "", "food_status": true}}, {"model": "adminapp.product", "pk": 116, "fields": {"food_name": "BRU COFFEE", "catagory": "WELCOME DRINK", "priceper_head": 0, "priceper_kg": 0, "food_deatails": "", "food_status": true}}, {"model": "adminapp.product", "pk": 117, "fields": {"food_name": "BUTTER CHICKEN", "catagory": "GRAVY", "priceper_head": 0, "priceper_kg": 0, "food_deatails": "", "food_status": true}}, {"model": "adminapp.product", "pk": 118, "fields": {"food_name": "HORLICKS & BOOST BURFI", "catagory": "DESSERT", "priceper_head": 0, "priceper_kg": 0, "food_deatails": "", "food_status": true}}, {"model": "adminapp.product", "pk": 119, "fields": {"food_name": "KOOTTU CURRY", "catagory": "VEG", "priceper_head": 0, "priceper_kg": 0, "food_deatails": "", "food_status": true}}, {"model": "adminapp.product", "pk": 120, "fields": {"food_name": "ACHAR", "catagory": "VEG", "priceper_head": 0, "priceper_kg": 0, "food_deatails": "", "food_status": true}}, {"model": "adminapp.product", "pk": 121, "fields": {"food_name": "POPCORN ", "catagory": "DESSERT", "priceper_head": 0, "priceper_kg": 0, "food_deatails": "", "food_status": true}}, {"model": "adminapp.product", "pk": 122, "fields": {"food_name": "COTTON CANDY ", "catagory": "DESSERT", "priceper_head": 0, "priceper_kg": 0, "food_deatails": "", "food_status": true}}, {"model": "adminapp.product", "pk": 123, "fields": {"food_name": "CRAB CLAW", "catagory": "STARTER", "priceper_head": 0, "priceper_kg": 0, "food_deatails": "", "food_status": true}}, {"model": "adminapp.product", "pk": 124, "fields": {"food_name": "MANDI RICE", "catagory": "RICE", "priceper_head": 0, "priceper_kg": 0, "food_deatails": "", "food_status": true}}, {"model": "adminapp.product", "pk": 125, "fields": {"food_name": "PALADA PAYASAM", "catagory": "DESSERT", "priceper_head": 0, "priceper_kg": 0, "food_deatails": "", "food_status": true}}, {"model": "adminapp.product", "pk": 126, "fields": {"food_name": "APPLE MILK", "catagory": "WELCOME DRINK", "priceper_head": 0, "priceper_kg": 0, "food_deatails": "", "food_status": true}}, {"model": "adminapp.product", "pk": 127, "fields": {"food_name": "KAYAMA FRIED RICE", "catagory": "RICE", "priceper_head": 0, "priceper_kg": 0, "food_deatails": "", "food_status": true}}, {"model": "adminapp.product", "pk": 128, "fields": {"food_name": "GREEN SALAD", "catagory": "SALADS", "priceper_head": 0, "priceper_kg": 0, "food_deatails": "", "food_status": true}}, {"model": "adminapp.product", "pk": 129, "fields": {"food_name": "THORAN", "catagory": "VEG", "priceper_head": 0, "priceper_kg": 0, "food_deatails": "", "food_status": true}}, {"model": "adminapp.product", "pk": 130, "fields": {"food_name": "FISH FINGER", "catagory": "STARTER", "priceper_head": 0, "priceper_kg": 0, "food_deatails": "", "food_status": true}}, {"model": "adminapp.product", "pk": 131, "fields": {"food_name": "FISH MANGO CURRY", "catagory": "GRAVY", "priceper_head": 0, "priceper_kg": 0, "food_deatails": "", "food_status": true}}, {"model": "adminapp.product", "pk": 132, "fields": {"food_name": "PERI PERI SPRING CHICKEN", "catagory": "SIDE DISH", "priceper_head": 0, "priceper_kg": 0, "food_deatails": "", "food_status": true}}, {"model": "adminapp.product", "pk": 133, "fields": {"food_name": "CARSAR SALAD", "catagory": "SALADS", "priceper_head": 0, "priceper_kg": 0, "food_deatails": "", "food_status": true}}, {"model": "adminapp.product", "pk": 134, "fields": {"food_name": "FRESH JUICE", "catagory": "WELCOME DRINK", "priceper_head": 0, "priceper_kg": 0, "food_deatails": "", "food_status": true}}, {"model": "adminapp.product", "pk": 135, "fields": {"food_name": "FRUIT JUICES", "catagory": "WELCOME DRINK", "priceper_head": 0, "priceper_kg": 0, "food_deatails": "", "food_status": true}}, {"model": "adminapp.product", "pk": 136, "fields": {"food_name": "FRESH LIME", "catagory": "WELCOME DRINK", "priceper_head": 0, "priceper_kg": 0, "food_deatails": "", "food_status": true}}, {"model": "adminapp.product", "pk": 137, "fields": {"food_name": "ORANGE LIME", "catagory": "WELCOME DRINK", "priceper_head": 0, "priceper_kg": 0, "food_deatails": "", "food_status": true}}, {"model": "adminapp.product", "pk": 138, "fields": {"food_name": "PASSION FRUIT", "catagory": "WELCOME DRINK", "priceper_head": 0, "priceper_kg": 0, "food_deatails": "", "food_status": true}}, {"model": "adminapp.product", "pk": 139, "fields": {"food_name": "ARROWROOT", "catagory": "WELCOME DRINK", "priceper_head": 0, "priceper_kg": 0, "food_deatails": "", "food_status": true}}, {"model": "adminapp.product", "pk": 140, "fields": {"food_name": "GREEN MANGO", "catagory": "WELCOME DRINK", "priceper_head": 0, "priceper_kg": 0, "food_deatails": "", "food_status": true}}, {"model": "adminapp.product", "pk": 141, "fields": {"food_name": "CASHEW MILK", "catagory": "WELCOME DRINK", "priceper_head": 0, "priceper_kg": 0, "food_deatails": "", "food_status": true}}, {"model": "adminapp.product", "pk": 142, "fields": {"food_name": "ICE CREAM MILK", "catagory": "WELCOME DRINK", "priceper_head": 0, "priceper_kg": 0, "food_deatails": "", "food_status": true}}, {"model": "adminapp.product", "pk": 143, "fields": {"food_name": "CHOCOLATE MILK", "catagory": "WELCOME DRINK", "priceper_head": 0, "priceper_kg": 0, "food_deatails": "", "food_status": true}}, {"model": "adminapp.product", "pk": 144, "fields": {"food_name": "DATES MILK", "catagory": "WELCOME DRINK", "priceper_head": 0, "priceper_kg": 0, "food_deatails": "", "food_status": true}}, {"model": "adminapp.product", "pk": 145, "fields": {"food_name": "BADAM MILK", "catagory": "WELCOME DRINK", "priceper_head": 0, "priceper_kg": 0, "food_deatails": "", "food_status": true}}, {"model": "adminapp.product", "pk": 146, "fields": {"food_name": "MILK SHAKE", "catagory": "WELCOME DRINK", "priceper_head": 0, "priceper_kg": 0, "food_deatails": "", "food_status": true}}, {"model": "adminapp.product", "pk": 147, "fields": {"food_name": "MOCKTAIL", "catagory": "WELCOME DRINK", "priceper_head": 0, "priceper_kg": 0, "food_deatails": "", "food_status": true}}, {"model": "adminapp.product", "pk": 148, "fields": {"food_name": "FIESTA SPECIAL", "catagory": "WELCOME DRINK", "priceper_head": 0, "priceper_kg": 0, "food_deatails": "", "food_status": true}}, {"model": "adminapp.product", "pk": 149, "fields": {"food_name": "FRUIT PUNCH", "catagory": "WELCOME DRINK", "priceper_head": 0, "priceper_kg": 0, "food_deatails": "", "food_status": true}}, {"model": "adminapp.product", "pk": 150, "fields": {"food_name": "ELANEER CRUSH", "catagory": "WELCOME DRINK", "priceper_head": 0, "priceper_kg": 0, "food_deatails": "", "food_status": true}}, {"model": "adminapp.product", "pk": 151, "fields": {"food_name": "MANGO CRUSH", "catagory": "WELCOME DRINK", "priceper_head": 0, "priceper_kg": 0, "food_deatails": "", "food_status": true}}, {"model": "adminapp.product", "pk": 152, "fields": {"food_name": "BEETROOT POOVAN", "catagory": "WELCOME DRINK", "priceper_head": 0, "priceper_kg": 0, "food_deatails": "", "food_status": true}}, {"model": "adminapp.product", "pk": 153, "fields": {"food_name": "AR GRAPE", "catagory": "WELCOME DRINK", "priceper_head": 0, "priceper_kg": 0, "food_deatails": "", "food_status": true}}, {"model": "adminapp.product", "pk": 154, "fields": {"food_name": "PB JUICE", "catagory": "WELCOME DRINK", "priceper_head": 0, "priceper_kg": 0, "food_deatails": "", "food_status": true}}, {"model": "adminapp.product", "pk": 155, "fields": {"food_name": "NOOLPUTTU", "catagory": "BREADS", "priceper_head": 0, "priceper_kg": 0, "food_deatails": "", "food_status": true}}, {"model": "adminapp.product", "pk": 156, "fields": {"food_name": "NAAN", "catagory": "BREADS", "priceper_head": 0, "priceper_kg": 0, "food_deatails": "", "food_status": true}}, {"model": "adminapp.product", "pk": 157, "fields": {"food_name": "MADAKKU PATHIRI", "catagory": "BREADS", "priceper_head": 0, "priceper_kg": 0, "food_deatails": "", "food_status": true}}, {"model": "adminapp.product", "pk": 158, "fields": {"food_name": "IDIYAPPAM", "catagory": "WELCOME DRINK", "priceper_head": 0, "priceper_kg": 0, "food_deatails": "", "food_status": true}}, {"model": "adminapp.product", "pk": 159, "fields": {"food_name": "VELLAPPAM", "catagory": "WELCOME DRINK", "priceper_head": 0, "priceper_kg": 0, "food_deatails": "", "food_status": true}}, {"model": "adminapp.product", "pk": 160, "fields": {"food_name": "PUTTU", "catagory": "BREADS", "priceper_head": 0, "priceper_kg": 0, "food_deatails": "", "food_status": true}}, {"model": "adminapp.product", "pk": 161, "fields": {"food_name": "VARIETY OF PUTTU", "catagory": "BREADS", "priceper_head": 0, "priceper_kg": 0, "food_deatails": "", "food_status": true}}, {"model": "adminapp.product", "pk": 162, "fields": {"food_name": "BEEF PUTTU", "catagory": "BREADS", "priceper_head": 0, "priceper_kg": 0, "food_deatails": "", "food_status": true}}, {"model": "adminapp.product", "pk": 163, "fields": {"food_name": "PUTTU BIRIYANI", "catagory": "BREADS", "priceper_head": 0, "priceper_kg": 0, "food_deatails": "", "food_status": true}}, {"model": "adminapp.product", "pk": 164, "fields": {"food_name": "POORI", "catagory": "WELCOME DRINK", "priceper_head": 0, "priceper_kg": 0, "food_deatails": "", "food_status": true}}, {"model": "adminapp.product", "pk": 165, "fields": {"food_name": "KANNUVECHA PATHIRI", "catagory": "WELCOME DRINK", "priceper_head": 0, "priceper_kg": 0, "food_deatails": "", "food_status": true}}, {"model": "adminapp.product", "pk": 166, "fields": {"food_name": "KULCHA", "catagory": "BREADS", "priceper_head": 0, "priceper_kg": 0, "food_deatails": "", "food_status": true}}, {"model": "adminapp.product", "pk": 167, "fields": {"food_name": "DOSHA", "catagory": "BREADS", "priceper_head": 0, "priceper_kg": 0, "food_deatails": "", "food_status": true}}, {"model": "adminapp.product", "pk": 168, "fields": {"food_name": "VARIETY DOSHA", "catagory": "BREADS", "priceper_head": 0, "priceper_kg": 0, "food_deatails": "", "food_status": true}}, {"model": "adminapp.product", "pk": 169, "fields": {"food_name": "WHEAT DOSHA", "catagory": "WELCOME DRINK", "priceper_head": 0, "priceper_kg": 0, "food_deatails": "", "food_status": true}}, {"model": "adminapp.product", "pk": 170, "fields": {"food_name": "MADAK CHAPPATHI", "catagory": "BREADS", "priceper_head": 0, "priceper_kg": 0, "food_deatails": "", "food_status": true}}, {"model": "adminapp.product", "pk": 171, "fields": {"food_name": "MUTTA SURKHA", "catagory": "BREADS", "priceper_head": 0, "priceper_kg": 0, "food_deatails": "", "food_status": true}}, {"model": "adminapp.product", "pk": 172, "fields": {"food_name": "ALOO PAROTTA", "catagory": "BREADS", "priceper_head": 0, "priceper_kg": 0, "food_deatails": "", "food_status": true}}, {"model": "adminapp.product", "pk": 173, "fields": {"food_name": "PANEER PAROTTA", "catagory": "BREADS", "priceper_head": 0, "priceper_kg": 0, "food_deatails": "", "food_status": true}}, {"model": "adminapp.product", "pk": 174, "fields": {"food_name": "STUFFED PAROTTA", "catagory": "BREADS", "priceper_head": 0, "priceper_kg": 0, "food_deatails": "", "food_status": true}}, {"model": "adminapp.product", "pk": 175, "fields": {"food_name": "KEEMA PAROTTA", "catagory": "BREADS", "priceper_head": 0, "priceper_kg": 0, "food_deatails": "", "food_status": true}}, {"model": "adminapp.product", "pk": 176, "fields": {"food_name": "THANDOOR ROTTI", "catagory": "BREADS", "priceper_head": 0, "priceper_kg": 0, "food_deatails": "", "food_status": true}}, {"model": "adminapp.product", "pk": 177, "fields": {"food_name": "RUMAL ROTTI", "catagory": "BREADS", "priceper_head": 0, "priceper_kg": 0, "food_deatails": "", "food_status": true}}, {"model": "adminapp.product", "pk": 178, "fields": {"food_name": "PULKA ROTTI", "catagory": "BREADS", "priceper_head": 0, "priceper_kg": 0, "food_deatails": "", "food_status": true}}, {"model": "adminapp.product", "pk": 179, "fields": {"food_name": "PULKA ROTTI", "catagory": "BREADS", "priceper_head": 0, "priceper_kg": 0, "food_deatails": "", "food_status": true}}, {"model": "adminapp.product", "pk": 180, "fields": {"food_name": "OROTIMUTTA SURKA", "catagory": "BREADS", "priceper_head": 0, "priceper_kg": 0, "food_deatails": "", "food_status": true}}, {"model": "adminapp.product", "pk": 181, "fields": {"food_name": "ARABIC SALAD", "catagory": "SALADS", "priceper_head": 0, "priceper_kg": 0, "food_deatails": "", "food_status": true}}, {"model": "adminapp.product", "pk": 182, "fields": {"food_name": "HOT SALAD", "catagory": "SALADS", "priceper_head": 0, "priceper_kg": 0, "food_deatails": "", "food_status": true}}, {"model": "adminapp.product", "pk": 183, "fields": {"food_name": "ITALIAN SALAD", "catagory": "SALADS", "priceper_head": 0, "priceper_kg": 0, "food_deatails": "", "food_status": true}}, {"model": "adminapp.product", "pk": 184, "fields": {"food_name": "TUNA SALAD", "catagory": "SALADS", "priceper_head": 0, "priceper_kg": 0, "food_deatails": "", "food_status": true}}, {"model": "adminapp.product", "pk": 185, "fields": {"food_name": "URNEBESS SALAD", "catagory": "SALADS", "priceper_head": 0, "priceper_kg": 0, "food_deatails": "", "food_status": true}}, {"model": "adminapp.product", "pk": 186, "fields": {"food_name": "WALDORF SALAD", "catagory": "SALADS", "priceper_head": 0, "priceper_kg": 0, "food_deatails": "", "food_status": true}}, {"model": "adminapp.product", "pk": 187, "fields": {"food_name": "AFGAN SALAD", "catagory": "SALADS", "priceper_head": 0, "priceper_kg": 0, "food_deatails": "", "food_status": true}}, {"model": "adminapp.product", "pk": 188, "fields": {"food_name": "AMBROSIA", "catagory": "SALADS", "priceper_head": 0, "priceper_kg": 0, "food_deatails": "", "food_status": true}}, {"model": "adminapp.product", "pk": 189, "fields": {"food_name": "CHICKEN SALAD", "catagory": "SALADS", "priceper_head": 0, "priceper_kg": 0, "food_deatails": "", "food_status": true}}, {"model": "adminapp.product", "pk": 190, "fields": {"food_name": "SPROUT SALAD", "catagory": "SALADS", "priceper_head": 0, "priceper_kg": 0, "food_deatails": "", "food_status": true}}, {"model": "adminapp.product", "pk": 191, "fields": {"food_name": "CHICKEN SPRING ROLL", "catagory": "APETIZER", "priceper_head": 0, "priceper_kg": 0, "food_deatails": "", "food_status": true}}, {"model": "adminapp.product", "pk": 192, "fields": {"food_name": "SHANGAI ROLL", "catagory": "APETIZER", "priceper_head": 0, "priceper_kg": 0, "food_deatails": "", "food_status": true}}, {"model": "adminapp.product", "pk": 193, "fields": {"food_name": "CHICKEN DRUMS OF HEAVEN", "catagory": "APETIZER", "priceper_head": 0, "priceper_kg": 0, "food_deatails": "", "food_status": true}}, {"model": "adminapp.product", "pk": 194, "fields": {"food_name": "MEAT BALL", "catagory": "APETIZER", "priceper_head": 0, "priceper_kg": 0, "food_deatails": "", "food_status": true}}, {"model": "adminapp.product", "pk": 195, "fields": {"food_name": "FISH & CHIPS", "catagory": "APETIZER", "priceper_head": 0, "priceper_kg": 0, "food_deatails": "", "food_status": true}}, {"model": "adminapp.product", "pk": 196, "fields": {"food_name": "FISH FINGERR", "catagory": "APETIZER", "priceper_head": 0, "priceper_kg": 0, "food_deatails": "", "food_status": true}}, {"model": "adminapp.product", "pk": 197, "fields": {"food_name": "GOLDEN FRIED PRAWNS", "catagory": "APETIZER", "priceper_head": 0, "priceper_kg": 0, "food_deatails": "", "food_status": true}}, {"model": "adminapp.product", "pk": 198, "fields": {"food_name": "VEG.MANCHURIANS", "catagory": "APETIZER", "priceper_head": 0, "priceper_kg": 0, "food_deatails": "", "food_status": true}}, {"model": "adminapp.product", "pk": 199, "fields": {"food_name": "MINI CORN", "catagory": "APETIZER", "priceper_head": 0, "priceper_kg": 0, "food_deatails": "", "food_status": true}}, {"model": "adminapp.product", "pk": 200, "fields": {"food_name": "MUTTON BORA SOUP", "catagory": "SOUP", "priceper_head": 0, "priceper_kg": 0, "food_deatails": "", "food_status": true}}, {"model": "adminapp.product", "pk": 201, "fields": {"food_name": "CRAB SOUP", "catagory": "SOUP", "priceper_head": 0, "priceper_kg": 0, "food_deatails": "", "food_status": true}}, {"model": "adminapp.product", "pk": 202, "fields": {"food_name": "SEA FOOD SOUP", "catagory": "SOUP", "priceper_head": 0, "priceper_kg": 0, "food_deatails": "", "food_status": true}}, {"model": "adminapp.product", "pk": 203, "fields": {"food_name": "CREAM SOUP", "catagory": "SOUP", "priceper_head": 0, "priceper_kg": 0, "food_deatails": "", "food_status": true}}, {"model": "adminapp.product", "pk": 204, "fields": {"food_name": "TOMIUM SOUP", "catagory": "SOUP", "priceper_head": 0, "priceper_kg": 0, "food_deatails": "", "food_status": true}}, {"model": "adminapp.product", "pk": 205, "fields": {"food_name": "MANCHOW SOUP", "catagory": "SOUP", "priceper_head": 0, "priceper_kg": 0, "food_deatails": "", "food_status": true}}, {"model": "adminapp.product", "pk": 206, "fields": {"food_name": "HOT & SOUR SOUP", "catagory": "SOUP", "priceper_head": 0, "priceper_kg": 0, "food_deatails": "", "food_status": true}}, {"model": "adminapp.product", "pk": 207, "fields": {"food_name": "FRENCH ONION SOUP", "catagory": "SOUP", "priceper_head": 0, "priceper_kg": 0, "food_deatails": "", "food_status": true}}, {"model": "adminapp.product", "pk": 208, "fields": {"food_name": "SWEET CORN SOUP", "catagory": "SOUP", "priceper_head": 0, "priceper_kg": 0, "food_deatails": "", "food_status": true}}, {"model": "adminapp.product", "pk": 209, "fields": {"food_name": "MINI STONE SOUP", "catagory": "SOUP", "priceper_head": 0, "priceper_kg": 0, "food_deatails": "", "food_status": true}}, {"model": "adminapp.product", "pk": 210, "fields": {"food_name": "CABBAGE", "catagory": "SOUP", "priceper_head": 0, "priceper_kg": 0, "food_deatails": "", "food_status": true}}, {"model": "adminapp.product", "pk": 211, "fields": {"food_name": "CUTLATE VEG", "catagory": "SNACK", "priceper_head": 0, "priceper_kg": 0, "food_deatails": "", "food_status": true}}, {"model": "adminapp.product", "pk": 212, "fields": {"food_name": "CUTLATE CHICKEN", "catagory": "SNACK", "priceper_head": 0, "priceper_kg": 0, "food_deatails": "", "food_status": true}}, {"model": "adminapp.product", "pk": 213, "fields": {"food_name": "CUTLATE MUTTON", "catagory": "SNACK", "priceper_head": 0, "priceper_kg": 0, "food_deatails": "", "food_status": true}}, {"model": "adminapp.product", "pk": 214, "fields": {"food_name": "SAMOSA VEG", "catagory": "SNACK", "priceper_head": 0, "priceper_kg": 0, "food_deatails": "", "food_status": true}}, {"model": "adminapp.product", "pk": 215, "fields": {"food_name": "SAMOSA CHICKEN", "catagory": "SNACK", "priceper_head": 0, "priceper_kg": 0, "food_deatails": "", "food_status": true}}, {"model": "adminapp.product", "pk": 216, "fields": {"food_name": "SAMOSA MUTTON", "catagory": "SNACK", "priceper_head": 0, "priceper_kg": 0, "food_deatails": "", "food_status": true}}, {"model": "adminapp.product", "pk": 217, "fields": {"food_name": "SEA FOOD SAMOSA", "catagory": "SNACK", "priceper_head": 0, "priceper_kg": 0, "food_deatails": "", "food_status": true}}, {"model": "adminapp.product", "pk": 218, "fields": {"food_name": "PANJABI SAMOSA", "catagory": "SNACK", "priceper_head": 0, "priceper_kg": 0, "food_deatails": "", "food_status": true}}, {"model": "adminapp.product", "pk": 219, "fields": {"food_name": "PRAWN", "catagory": "SNACK", "priceper_head": 0, "priceper_kg": 0, "food_deatails": "", "food_status": true}}, {"model": "adminapp.product", "pk": 220, "fields": {"food_name": "BUTTERFLY", "catagory": "SNACK", "priceper_head": 0, "priceper_kg": 0, "food_deatails": "", "food_status": true}}, {"model": "adminapp.product", "pk": 221, "fields": {"food_name": "VADA PAV", "catagory": "SNACK", "priceper_head": 0, "priceper_kg": 0, "food_deatails": "", "food_status": true}}, {"model": "adminapp.product", "pk": 222, "fields": {"food_name": "PAV BAJI", "catagory": "SNACK", "priceper_head": 0, "priceper_kg": 0, "food_deatails": "", "food_status": true}}, {"model": "adminapp.product", "pk": 223, "fields": {"food_name": "PANI PURI", "catagory": "SNACK", "priceper_head": 0, "priceper_kg": 0, "food_deatails": "", "food_status": true}}, {"model": "adminapp.product", "pk": 224, "fields": {"food_name": "PAKKAVADA", "catagory": "SNACK", "priceper_head": 0, "priceper_kg": 0, "food_deatails": "", "food_status": true}}, {"model": "adminapp.product", "pk": 225, "fields": {"food_name": "DAL VADA", "catagory": "SNACK", "priceper_head": 0, "priceper_kg": 0, "food_deatails": "", "food_status": true}}, {"model": "adminapp.product", "pk": 226, "fields": {"food_name": "PAAW BAGI", "catagory": "SNACK", "priceper_head": 0, "priceper_kg": 0, "food_deatails": "", "food_status": true}}, {"model": "adminapp.product", "pk": 227, "fields": {"food_name": "ERACHI PATHIRI", "catagory": "SNACK", "priceper_head": 0, "priceper_kg": 0, "food_deatails": "", "food_status": true}}, {"model": "adminapp.product", "pk": 228, "fields": {"food_name": "MEAN ADA", "catagory": "SNACK", "priceper_head": 0, "priceper_kg": 0, "food_deatails": "", "food_status": true}}, {"model": "adminapp.product", "pk": 229, "fields": {"food_name": "IRACHIYADA", "catagory": "SNACK", "priceper_head": 0, "priceper_kg": 0, "food_deatails": "", "food_status": true}}, {"model": "adminapp.product", "pk": 230, "fields": {"food_name": "UNDA PUTTU", "catagory": "SNACK", "priceper_head": 0, "priceper_kg": 0, "food_deatails": "", "food_status": true}}, {"model": "adminapp.product", "pk": 231, "fields": {"food_name": "CHICKEN ROLL", "catagory": "SNACK", "priceper_head": 0, "priceper_kg": 0, "food_deatails": "", "food_status": true}}, {"model": "adminapp.product", "pk": 232, "fields": {"food_name": "CARROT POLA", "catagory": "SNACK", "priceper_head": 0, "priceper_kg": 0, "food_deatails": "", "food_status": true}}, {"model": "adminapp.product", "pk": 233, "fields": {"food_name": "KAI POLA", "catagory": "SNACK", "priceper_head": 0, "priceper_kg": 0, "food_deatails": "", "food_status": true}}, {"model": "adminapp.product", "pk": 234, "fields": {"food_name": "ROTTI POLA", "catagory": "SNACK", "priceper_head": 0, "priceper_kg": 0, "food_deatails": "", "food_status": true}}, {"model": "adminapp.product", "pk": 235, "fields": {"food_name": "UNNAKKAY", "catagory": "SNACK", "priceper_head": 0, "priceper_kg": 0, "food_deatails": "", "food_status": true}}, {"model": "adminapp.product", "pk": 236, "fields": {"food_name": "SPRING ROLL", "catagory": "SNACK", "priceper_head": 0, "priceper_kg": 0, "food_deatails": "", "food_status": true}}, {"model": "adminapp.product", "pk": 237, "fields": {"food_name": "MEAT ROLL", "catagory": "SNACK", "priceper_head": 0, "priceper_kg": 0, "food_deatails": "", "food_status": true}}, {"model": "adminapp.product", "pk": 238, "fields": {"food_name": "KATHAIF", "catagory": "SNACK", "priceper_head": 0, "priceper_kg": 0, "food_deatails": "", "food_status": true}}, {"model": "adminapp.product", "pk": 239, "fields": {"food_name": "CHATTI PATHIRI", "catagory": "SNACK", "priceper_head": 0, "priceper_kg": 0, "food_deatails": "", "food_status": true}}, {"model": "adminapp.product", "pk": 240, "fields": {"food_name": "PIZZA VEG", "catagory": "CONTINENTAL SNACK", "priceper_head": 0, "priceper_kg": 0, "food_deatails": "", "food_status": true}}, {"model": "adminapp.product", "pk": 241, "fields": {"food_name": "PIZZA CHICKEN", "catagory": "CONTINENTAL SNACK", "priceper_head": 0, "priceper_kg": 0, "food_deatails": "", "food_status": true}}, {"model": "adminapp.product", "pk": 242, "fields": {"food_name": "PIZZA MEAT", "catagory": "CONTINENTAL SNACK", "priceper_head": 0, "priceper_kg": 0, "food_deatails": "", "food_status": true}}, {"model": "adminapp.product", "pk": 243, "fields": {"food_name": "CHILLI CHICKEN PIZZA", "catagory": "CONTINENTAL SNACK", "priceper_head": 0, "priceper_kg": 0, "food_deatails": "", "food_status": true}}, {"model": "adminapp.product", "pk": 244, "fields": {"food_name": "MIXED PIZZA", "catagory": "CONTINENTAL SNACK", "priceper_head": 0, "priceper_kg": 0, "food_deatails": "", "food_status": true}}, {"model": "adminapp.product", "pk": 245, "fields": {"food_name": "BURGER VEG", "catagory": "CONTINENTAL SNACK", "priceper_head": 0, "priceper_kg": 0, "food_deatails": "", "food_status": true}}, {"model": "adminapp.product", "pk": 246, "fields": {"food_name": "BURGER CHICKEN", "catagory": "CONTINENTAL SNACK", "priceper_head": 0, "priceper_kg": 0, "food_deatails": "", "food_status": true}}, {"model": "adminapp.product", "pk": 247, "fields": {"food_name": "BURGER MEAT", "catagory": "CONTINENTAL SNACK", "priceper_head": 0, "priceper_kg": 0, "food_deatails": "", "food_status": true}}, {"model": "adminapp.product", "pk": 248, "fields": {"food_name": "BURGER FIESTA SPECIAL", "catagory": "CONTINENTAL SNACK", "priceper_head": 0, "priceper_kg": 0, "food_deatails": "", "food_status": true}}, {"model": "adminapp.product", "pk": 249, "fields": {"food_name": "SANDWICH VEG", "catagory": "CONTINENTAL SNACK", "priceper_head": 0, "priceper_kg": 0, "food_deatails": "", "food_status": true}}, {"model": "adminapp.product", "pk": 250, "fields": {"food_name": "SANDWICH CHICKEN", "catagory": "CONTINENTAL SNACK", "priceper_head": 0, "priceper_kg": 0, "food_deatails": "", "food_status": true}}, {"model": "adminapp.product", "pk": 251, "fields": {"food_name": "CLUB SANDWICH", "catagory": "CONTINENTAL SNACK", "priceper_head": 0, "priceper_kg": 0, "food_deatails": "", "food_status": true}}, {"model": "adminapp.product", "pk": 252, "fields": {"food_name": "HOT DOGS VEG", "catagory": "CONTINENTAL SNACK", "priceper_head": 0, "priceper_kg": 0, "food_deatails": "", "food_status": true}}, {"model": "adminapp.product", "pk": 253, "fields": {"food_name": "HOT DOGS CHICKEN", "catagory": "CONTINENTAL SNACK", "priceper_head": 0, "priceper_kg": 0, "food_deatails": "", "food_status": true}}, {"model": "adminapp.product", "pk": 254, "fields": {"food_name": "FRIED RICE VEG", "catagory": "RICE", "priceper_head": 0, "priceper_kg": 0, "food_deatails": "", "food_status": true}}, {"model": "adminapp.product", "pk": 255, "fields": {"food_name": "FRIED RICE CHICKEN", "catagory": "RICE", "priceper_head": 0, "priceper_kg": 0, "food_deatails": "", "food_status": true}}, {"model": "adminapp.product", "pk": 256, "fields": {"food_name": "FRIED RICE MIXED", "catagory": "RICE", "priceper_head": 0, "priceper_kg": 0, "food_deatails": "", "food_status": true}}, {"model": "adminapp.product", "pk": 257, "fields": {"food_name": "PULAO VEG", "catagory": "RICE", "priceper_head": 0, "priceper_kg": 0, "food_deatails": "", "food_status": true}}, {"model": "adminapp.product", "pk": 258, "fields": {"food_name": "PULAO CHICKEN", "catagory": "RICE", "priceper_head": 0, "priceper_kg": 0, "food_deatails": "", "food_status": true}}, {"model": "adminapp.product", "pk": 259, "fields": {"food_name": "PULAO MIXED", "catagory": "RICE", "priceper_head": 0, "priceper_kg": 0, "food_deatails": "", "food_status": true}}, {"model": "adminapp.product", "pk": 260, "fields": {"food_name": "KASHMEERI PULAO", "catagory": "RICE", "priceper_head": 0, "priceper_kg": 0, "food_deatails": "", "food_status": true}}, {"model": "adminapp.product", "pk": 261, "fields": {"food_name": "PUTHINA PULAO", "catagory": "RICE", "priceper_head": 0, "priceper_kg": 0, "food_deatails": "", "food_status": true}}, {"model": "adminapp.product", "pk": 262, "fields": {"food_name": "GEERA RICE", "catagory": "RICE", "priceper_head": 0, "priceper_kg": 0, "food_deatails": "", "food_status": true}}, {"model": "adminapp.product", "pk": 263, "fields": {"food_name": "LEMON RICE", "catagory": "RICE", "priceper_head": 0, "priceper_kg": 0, "food_deatails": "", "food_status": true}}, {"model": "adminapp.product", "pk": 264, "fields": {"food_name": "PASSLI RICE", "catagory": "RICE", "priceper_head": 0, "priceper_kg": 0, "food_deatails": "", "food_status": true}}, {"model": "adminapp.product", "pk": 265, "fields": {"food_name": "KEBAB RICE", "catagory": "RICE", "priceper_head": 0, "priceper_kg": 0, "food_deatails": "", "food_status": true}}, {"model": "adminapp.product", "pk": 266, "fields": {"food_name": "BUKHARI RICE", "catagory": "RICE", "priceper_head": 0, "priceper_kg": 0, "food_deatails": "", "food_status": true}}, {"model": "adminapp.product", "pk": 267, "fields": {"food_name": "MALUHOOTH", "catagory": "RICE", "priceper_head": 0, "priceper_kg": 0, "food_deatails": "", "food_status": true}}, {"model": "adminapp.product", "pk": 268, "fields": {"food_name": "THENGA CHORU", "catagory": "RICE", "priceper_head": 0, "priceper_kg": 0, "food_deatails": "", "food_status": true}}, {"model": "adminapp.product", "pk": 269, "fields": {"food_name": "STEAMED RICE", "catagory": "RICE", "priceper_head": 0, "priceper_kg": 0, "food_deatails": "", "food_status": true}}, {"model": "adminapp.product", "pk": 270, "fields": {"food_name": "POTHICHORU", "catagory": "RICE", "priceper_head": 0, "priceper_kg": 0, "food_deatails": "", "food_status": true}}, {"model": "adminapp.product", "pk": 271, "fields": {"food_name": "KEBSA CHICKEN", "catagory": "RICE", "priceper_head": 0, "priceper_kg": 0, "food_deatails": "", "food_status": true}}, {"model": "adminapp.product", "pk": 272, "fields": {"food_name": "KEBSA MUTTON", "catagory": "RICE", "priceper_head": 0, "priceper_kg": 0, "food_deatails": "", "food_status": true}}, {"model": "adminapp.product", "pk": 273, "fields": {"food_name": "KEBSA KUTTAN", "catagory": "RICE", "priceper_head": 0, "priceper_kg": 0, "food_deatails": "", "food_status": true}}, {"model": "adminapp.product", "pk": 274, "fields": {"food_name": "MANDI CHICKEN", "catagory": "RICE", "priceper_head": 0, "priceper_kg": 0, "food_deatails": "", "food_status": true}}, {"model": "adminapp.product", "pk": 275, "fields": {"food_name": "MANDI MUTTON", "catagory": "RICE", "priceper_head": 0, "priceper_kg": 0, "food_deatails": "", "food_status": true}}, {"model": "adminapp.product", "pk": 276, "fields": {"food_name": "MANDI KUTTAN", "catagory": "RICE", "priceper_head": 0, "priceper_kg": 0, "food_deatails": "", "food_status": true}}, {"model": "adminapp.product", "pk": 277, "fields": {"food_name": "SURBIYAN", "catagory": "RICE", "priceper_head": 0, "priceper_kg": 0, "food_deatails": "", "food_status": true}}, {"model": "adminapp.product", "pk": 278, "fields": {"food_name": "MAQLOOBA", "catagory": "RICE", "priceper_head": 0, "priceper_kg": 0, "food_deatails": "", "food_status": true}}, {"model": "adminapp.product", "pk": 279, "fields": {"food_name": "AFGANI RICE", "catagory": "RICE", "priceper_head": 0, "priceper_kg": 0, "food_deatails": "", "food_status": true}}, {"model": "adminapp.product", "pk": 280, "fields": {"food_name": "MAJBOOS", "catagory": "RICE", "priceper_head": 0, "priceper_kg": 0, "food_deatails": "", "food_status": true}}, {"model": "adminapp.product", "pk": 281, "fields": {"food_name": "CHICKEN BIRIYANI", "catagory": "BIRIYANI", "priceper_head": 0, "priceper_kg": 0, "food_deatails": "", "food_status": true}}, {"model": "adminapp.product", "pk": 282, "fields": {"food_name": "MUTTON BIRIYANI", "catagory": "BIRIYANI", "priceper_head": 0, "priceper_kg": 0, "food_deatails": "", "food_status": true}}, {"model": "adminapp.product", "pk": 283, "fields": {"food_name": "FISH BIRIYANI", "catagory": "BIRIYANI", "priceper_head": 0, "priceper_kg": 0, "food_deatails": "", "food_status": true}}, {"model": "adminapp.product", "pk": 284, "fields": {"food_name": "PRAWNS BIRIYANI", "catagory": "BIRIYANI", "priceper_head": 0, "priceper_kg": 0, "food_deatails": "", "food_status": true}}, {"model": "adminapp.product", "pk": 285, "fields": {"food_name": "KALLUMMAKKAI BIRIYANI", "catagory": "BIRIYANI", "priceper_head": 0, "priceper_kg": 0, "food_deatails": "", "food_status": true}}, {"model": "adminapp.product", "pk": 286, "fields": {"food_name": "THALASHERI BIRIYANI", "catagory": "BIRIYANI", "priceper_head": 0, "priceper_kg": 0, "food_deatails": "", "food_status": true}}, {"model": "adminapp.product", "pk": 287, "fields": {"food_name": "HYDERABADI BIRIYANI", "catagory": "BIRIYANI", "priceper_head": 0, "priceper_kg": 0, "food_deatails": "", "food_status": true}}, {"model": "adminapp.product", "pk": 288, "fields": {"food_name": "ARABIC BIRIYANI", "catagory": "BIRIYANI", "priceper_head": 0, "priceper_kg": 0, "food_deatails": "", "food_status": true}}, {"model": "adminapp.product", "pk": 289, "fields": {"food_name": "VEG NOODLES", "catagory": "NOODLES", "priceper_head": 0, "priceper_kg": 0, "food_deatails": "", "food_status": true}}, {"model": "adminapp.product", "pk": 290, "fields": {"food_name": "EGG NOODLES", "catagory": "NOODLES", "priceper_head": 0, "priceper_kg": 0, "food_deatails": "", "food_status": true}}, {"model": "adminapp.product", "pk": 291, "fields": {"food_name": "MIXED NOODLES", "catagory": "NOODLES", "priceper_head": 0, "priceper_kg": 0, "food_deatails": "", "food_status": true}}, {"model": "adminapp.product", "pk": 292, "fields": {"food_name": "SCHEZWAN NOODLES", "catagory": "NOODLES", "priceper_head": 0, "priceper_kg": 0, "food_deatails": "", "food_status": true}}, {"model": "adminapp.product", "pk": 293, "fields": {"food_name": "BEEF FRY.", "catagory": "BEEF DISHES", "priceper_head": 0, "priceper_kg": 0, "food_deatails": "", "food_status": true}}, {"model": "adminapp.product", "pk": 294, "fields": {"food_name": "BEEF ROAST ", "catagory": "BEEF DISHES", "priceper_head": 0, "priceper_kg": 0, "food_deatails": "", "food_status": true}}, {"model": "adminapp.product", "pk": 295, "fields": {"food_name": "BEEF MASALA", "catagory": "BEEF DISHES", "priceper_head": 0, "priceper_kg": 0, "food_deatails": "", "food_status": true}}, {"model": "adminapp.product", "pk": 296, "fields": {"food_name": "BEEF NADAN VARATTU", "catagory": "BEEF DISHES", "priceper_head": 0, "priceper_kg": 0, "food_deatails": "", "food_status": true}}, {"model": "adminapp.product", "pk": 297, "fields": {"food_name": "BEEF PEPPER", "catagory": "BEEF DISHES", "priceper_head": 0, "priceper_kg": 0, "food_deatails": "", "food_status": true}}, {"model": "adminapp.product", "pk": 298, "fields": {"food_name": "BEEF CHILLY FRY", "catagory": "BEEF DISHES", "priceper_head": 0, "priceper_kg": 0, "food_deatails": "", "food_status": true}}, {"model": "adminapp.product", "pk": 299, "fields": {"food_name": "BEEF STEW", "catagory": "BEEF GRAVY", "priceper_head": 0, "priceper_kg": 0, "food_deatails": "", "food_status": true}}, {"model": "adminapp.product", "pk": 300, "fields": {"food_name": "BEEF KURUMA", "catagory": "BEEF GRAVY", "priceper_head": 0, "priceper_kg": 0, "food_deatails": "", "food_status": true}}, {"model": "adminapp.product", "pk": 301, "fields": {"food_name": "BEEF VARATHARACHATH", "catagory": "BEEF GRAVY", "priceper_head": 0, "priceper_kg": 0, "food_deatails": "", "food_status": true}}, {"model": "adminapp.product", "pk": 302, "fields": {"food_name": "BEEF MALABARI", "catagory": "BEEF GRAVY", "priceper_head": 0, "priceper_kg": 0, "food_deatails": "", "food_status": true}}, {"model": "adminapp.product", "pk": 303, "fields": {"food_name": "BEEF CHETTINADU", "catagory": "BEEF GRAVY", "priceper_head": 0, "priceper_kg": 0, "food_deatails": "", "food_status": true}}, {"model": "adminapp.product", "pk": 304, "fields": {"food_name": "BEEF CHETTINADU", "catagory": "BEEF GRAVY", "priceper_head": 0, "priceper_kg": 0, "food_deatails": "", "food_status": true}}, {"model": "adminapp.product", "pk": 305, "fields": {"food_name": "BEEF KONDATTAM.", "catagory": "BEEF DRY", "priceper_head": 0, "priceper_kg": 0, "food_deatails": "", "food_status": true}}, {"model": "adminapp.product", "pk": 306, "fields": {"food_name": "DRAGON BEEF", "catagory": "BEEF DRY", "priceper_head": 0, "priceper_kg": 0, "food_deatails": "", "food_status": true}}, {"model": "adminapp.product", "pk": 307, "fields": {"food_name": "GUNDUR BEEF", "catagory": "BEEF DRY", "priceper_head": 0, "priceper_kg": 0, "food_deatails": "", "food_status": true}}, {"model": "adminapp.product", "pk": 308, "fields": {"food_name": "BEEF DRY FRY", "catagory": "BEEF DRY", "priceper_head": 0, "priceper_kg": 0, "food_deatails": "", "food_status": true}}, {"model": "adminapp.product", "pk": 309, "fields": {"food_name": "BEEF PEPPER ROAST", "catagory": "BEEF DRY", "priceper_head": 0, "priceper_kg": 0, "food_deatails": "", "food_status": true}}, {"model": "adminapp.product", "pk": 310, "fields": {"food_name": "BEEF ARATTU", "catagory": "BEEF DRY", "priceper_head": 0, "priceper_kg": 0, "food_deatails": "", "food_status": true}}, {"model": "adminapp.product", "pk": 311, "fields": {"food_name": "BEEF RIBS", "catagory": "BEEF DRY", "priceper_head": 0, "priceper_kg": 0, "food_deatails": "", "food_status": true}}, {"model": "adminapp.product", "pk": 312, "fields": {"food_name": "BEEF GRILL", "catagory": "BEEF DRY", "priceper_head": 0, "priceper_kg": 0, "food_deatails": "", "food_status": true}}, {"model": "adminapp.product", "pk": 313, "fields": {"food_name": "CHICKEN HUNDI", "catagory": "CHICKEN DISHES", "priceper_head": 0, "priceper_kg": 0, "food_deatails": "", "food_status": true}}, {"model": "adminapp.product", "pk": 314, "fields": {"food_name": "CHICKEN MASALA", "catagory": "CHICKEN DISHES", "priceper_head": 0, "priceper_kg": 0, "food_deatails": "", "food_status": true}}, {"model": "adminapp.product", "pk": 315, "fields": {"food_name": "CHICKEN ROAST", "catagory": "CHICKEN DISHES", "priceper_head": 0, "priceper_kg": 0, "food_deatails": "", "food_status": true}}, {"model": "adminapp.product", "pk": 316, "fields": {"food_name": "CHICKEN KADAI", "catagory": "CHICKEN DISHES", "priceper_head": 0, "priceper_kg": 0, "food_deatails": "", "food_status": true}}, {"model": "adminapp.product", "pk": 317, "fields": {"food_name": "CHICKEN GREEN DRY", "catagory": "CHICKEN DISHES", "priceper_head": 0, "priceper_kg": 0, "food_deatails": "", "food_status": true}}, {"model": "adminapp.product", "pk": 318, "fields": {"food_name": "CHICKEN 65", "catagory": "CHICKEN DISHES", "priceper_head": 0, "priceper_kg": 0, "food_deatails": "", "food_status": true}}, {"model": "adminapp.product", "pk": 319, "fields": {"food_name": "CHICKEN KOLAPOORI", "catagory": "CHICKEN DISHES", "priceper_head": 0, "priceper_kg": 0, "food_deatails": "", "food_status": true}}, {"model": "adminapp.product", "pk": 320, "fields": {"food_name": "MALTEN CHICKEN", "catagory": "CHICKEN DISHES", "priceper_head": 0, "priceper_kg": 0, "food_deatails": "", "food_status": true}}, {"model": "adminapp.product", "pk": 321, "fields": {"food_name": "CHICKEN MALABARI", "catagory": "CHICKEN DISHES", "priceper_head": 0, "priceper_kg": 0, "food_deatails": "", "food_status": true}}, {"model": "adminapp.product", "pk": 322, "fields": {"food_name": "LIVE JUICE (FIVE FRESH FRUIT JUICES)", "catagory": "WELCOME DRINK", "priceper_head": 0, "priceper_kg": 0, "food_deatails": "", "food_status": true}}, {"model": "adminapp.product", "pk": 323, "fields": {"food_name": "Karikku Vellam", "catagory": "Category object (21)", "priceper_head": 10, "priceper_kg": 0, "food_deatails": "sdff", "food_status": true}}, {"model": "adminapp.employee", "pk": 1, "fields": {"employee_name": "shahil", "employee_username": "aunsreee", "employee_password": "12345", "employee_phone": "1234567890", "employee_email": "shahilkhan@gmail.com", "employee_state": "kerala", "employee_district": "malappuram", "employee_zipcode": "674698", "employee_address": "dswswd", "employee_status": "Active"}}, {"model": "adminapp.employee", "pk": 2, "fields": {"employee_name": "shahil", "employee_username": "shahilkhan", "employee_password": "shahilkhan", "employee_phone": "9876543213", "employee_email": "shahilkhan@gmail.com", "employee_state": "kerala", "employee_district": "malappuram", "employee_zipcode": "88617", "employee_address": "fhd", "employee_status": "Active"}}, {"model": "adminapp.employee", "pk": 3, "fields": {"employee_name": "shajahan", "employee_username": "shajahan", "employee_password": "shajahan", "employee_phone": "3221", "employee_email": "sha@gmail.com", "employee_state": "kerala", "employee_district": "malappuram", "employee_zipcode": "23333", "employee_address": "ewee", "employee_status": "Active"}}, {"model": "adminapp.employee", "pk": 4, "fields": {"employee_name": "shilpa", "employee_username": "shilpa", "employee_password": "shilpa", "employee_phone": "1234567890", "employee_email": "aunsreee@gmail.com", "employee_state": "Enim non voluptatem", "employee_district": "Quis modi et provide", "employee_zipcode": "973636", "employee_address": "shilpa", "employee_status": "Active"}}, {"model": "adminapp.addbank", "pk": 1, "fields": {"bank_name": "Gpay", "bank_holdername": "na", "bank_ifsc": "na", "bank_accountname": "Na", "bank_branch": "na", "bank_balance": 3649}}, {"model": "adminapp.addbank", "pk": 2, "fields": {"bank_name": "state bank of India  ", "bank_holdername": "na", "bank_ifsc": "na", "bank_accountname": "Na", "bank_branch": "na", "bank_balance": 200}}, {"model": "adminapp.addbank", "pk": 3, "fields": {"bank_name": "State bank of india", "bank_holdername": "na", "bank_ifsc": "na", "bank_accountname": "na", "bank_branch": "na", "bank_balance": 0}}, {"model": "adminapp.estimates", "pk": 1, "fields": {"clientd": 1, "est_fromdate": "01-08-2022", "est_todate": "19-08-2022", "est_balance": 4215, "est_status": "Closed", "est_active": true}}, {"model": "adminapp.estimates", "pk": 2, "fields": {"clientd": 2, "est_fromdate": "05-08-2022", "est_todate": "06-08-2022", "est_balance": 182, "est_status": "Partialy Paid", "est_active": true}}, {"model": "adminapp.estimates", "pk": 3, "fields": {"clientd": 3, "est_fromdate": "03-08-2022", "est_todate": "26-08-2022", "est_balance": 139, "est_status": "Closed", "est_active": true}}, {"model": "adminapp.estimates", "pk": 4, "fields": {"clientd": 3, "est_fromdate": "02-08-2022", "est_todate": "11-08-2022", "est_balance": 0, "est_status": "Pending", "est_active": true}}, {"model": "adminapp.estimates", "pk": 5, "fields": {"clientd": 3, "est_fromdate": "19-08-2022", "est_todate": "19-08-2022", "est_balance": 0, "est_status": "Pending", "est_active": true}}, {"model": "adminapp.estimates", "pk": 6, "fields": {"clientd": 3, "est_fromdate": "19-08-2022", "est_todate": "19-08-2022", "est_balance": 0, "est_status": "Pending", "est_active": true}}, {"model": "adminapp.estimates", "pk": 7, "fields": {"clientd": 3, "est_fromdate": "03-08-2022", "est_todate": "01-08-2022", "est_balance": 0, "est_status": "Pending", "est_active": true}}, {"model": "adminapp.estimates", "pk": 8, "fields": {"clientd": 4, "est_fromdate": "06-08-2022", "est_todate": "08-08-2022", "est_balance": 78, "est_status": "Closed", "est_active": true}}, {"model": "adminapp.estimates", "pk": 9, "fields": {"clientd": 3, "est_fromdate": "04-08-2022", "est_todate": "16-08-2022", "est_balance": 0, "est_status": "Pending", "est_active": true}}, {"model": "adminapp.estimates", "pk": 10, "fields": {"clientd": 3, "est_fromdate": "12-08-2022", "est_todate": "13-08-2022", "est_balance": 105, "est_status": "Billed", "est_active": true}}, {"model": "adminapp.estimates", "pk": 11, "fields": {"clientd": 4, "est_fromdate": "18-08-2022", "est_todate": "21-08-2022", "est_balance": 0, "est_status": "Partialy Paid", "est_active": true}}, {"model": "adminapp.estimates", "pk": 12, "fields": {"clientd": 5, "est_fromdate": "12-08-2022", "est_todate": "31-08-2022", "est_balance": 0, "est_status": "Closed", "est_active": true}}, {"model": "adminapp.estimates", "pk": 13, "fields": {"clientd": 3, "est_fromdate": "11-08-2022", "est_todate": "15-08-2022", "est_balance": 0, "est_status": "Pending", "est_active": true}}, {"model": "adminapp.estimates", "pk": 14, "fields": {"clientd": 7, "est_fromdate": "10-08-2022", "est_todate": "12-08-2022", "est_balance": 3229, "est_status": "Pending", "est_active": false}}, {"model": "adminapp.estimates", "pk": 15, "fields": {"clientd": 8, "est_fromdate": "16-08-2022", "est_todate": "25-08-2022", "est_balance": 1768, "est_status": "Pending", "est_active": false}}, {"model": "adminapp.estimates", "pk": 16, "fields": {"clientd": 7, "est_fromdate": "25-08-2022", "est_todate": "17-08-2022", "est_balance": 0, "est_status": "Billed", "est_active": true}}, {"model": "adminapp.estimates", "pk": 17, "fields": {"clientd": 3, "est_fromdate": "03-08-2022", "est_todate": "02-08-2022", "est_balance": 48, "est_status": "Pending", "est_active": true}}, {"model": "adminapp.estimates", "pk": 18, "fields": {"clientd": 3, "est_fromdate": "05-08-2022", "est_todate": "18-08-2022", "est_balance": 0, "est_status": "Pending", "est_active": true}}, {"model": "adminapp.estimates", "pk": 19, "fields": {"clientd": 3, "est_fromdate": "09-08-2022", "est_todate": "10-08-2022", "est_balance": 3150, "est_status": "Pending", "est_active": true}}, {"model": "adminapp.estimates", "pk": 20, "fields": {"clientd": 3, "est_fromdate": "03-08-2022", "est_todate": "08-08-2022", "est_balance": 0, "est_status": "Pending", "est_active": true}}, {"model": "adminapp.estimates", "pk": 21, "fields": {"clientd": 3, "est_fromdate": "12-08-2022", "est_todate": "09-08-2022", "est_balance": 0, "est_status": "Pending", "est_active": true}}, {"model": "adminapp.estimates", "pk": 22, "fields": {"clientd": 3, "est_fromdate": "12-08-2022", "est_todate": "09-08-2022", "est_balance": 0, "est_status": "Pending", "est_active": true}}, {"model": "adminapp.estimates", "pk": 23, "fields": {"clientd": 3, "est_fromdate": "30-08-2022", "est_todate": "31-08-2022", "est_balance": 52, "est_status": "Pending", "est_active": true}}, {"model": "adminapp.estimates", "pk": 24, "fields": {"clientd": 3, "est_fromdate": "31-08-2022", "est_todate": "26-09-2022", "est_balance": 0, "est_status": "Pending", "est_active": true}}, {"model": "adminapp.estimates", "pk": 25, "fields": {"clientd": 10, "est_fromdate": "01-09-2022", "est_todate": "01-10-2022", "est_balance": 525, "est_status": "Pending", "est_active": true}}, {"model": "adminapp.estimates", "pk": 26, "fields": {"clientd": 3, "est_fromdate": "31-08-2022", "est_todate": "07-10-2022", "est_balance": 525, "est_status": "Pending", "est_active": true}}, {"model": "adminapp.estimates", "pk": 27, "fields": {"clientd": 11, "est_fromdate": "09-11-2022", "est_todate": "11-11-2022", "est_balance": 0, "est_status": "Closed", "est_active": true}}, {"model": "adminapp.estimates", "pk": 28, "fields": {"clientd": 14, "est_fromdate": "", "est_todate": "", "est_balance": 13980, "est_status": "Billed", "est_active": false}}, {"model": "adminapp.estimates", "pk": 29, "fields": {"clientd": 15, "est_fromdate": "18-11-2022", "est_todate": "18-11-2022", "est_balance": 1912, "est_status": "Pending", "est_active": true}}, {"model": "adminapp.estimates", "pk": 30, "fields": {"clientd": 16, "est_fromdate": "18-11-2022", "est_todate": "20-10-2022", "est_balance": 0, "est_status": "Advanced", "est_active": true}}, {"model": "adminapp.estimates", "pk": 31, "fields": {"clientd": 17, "est_fromdate": "29-10-2022", "est_todate": "19-11-2022", "est_balance": 0, "est_status": "Billed", "est_active": false}}, {"model": "adminapp.estimates", "pk": 32, "fields": {"clientd": 18, "est_fromdate": "23-11-2022", "est_todate": "23-11-2022", "est_balance": 0, "est_status": "Pending", "est_active": true}}, {"model": "adminapp.estimates", "pk": 33, "fields": {"clientd": 3, "est_fromdate": "09-11-2022", "est_todate": "24-11-2022", "est_balance": 1260, "est_status": "Pending", "est_active": true}}, {"model": "adminapp.estimates", "pk": 34, "fields": {"clientd": 3, "est_fromdate": "08-11-2022", "est_todate": "08-11-2022", "est_balance": 1054, "est_status": "Pending", "est_active": true}}, {"model": "adminapp.estimates", "pk": 35, "fields": {"clientd": 20, "est_fromdate": "", "est_todate": "", "est_balance": 0, "est_status": "Pending", "est_active": true}}, {"model": "adminapp.estimates", "pk": 36, "fields": {"clientd": 14, "est_fromdate": "02-12-2022", "est_todate": "03-12-2022", "est_balance": 0, "est_status": "Pending", "est_active": true}}, {"model": "adminapp.estimates", "pk": 37, "fields": {"clientd": 24, "est_fromdate": "07-12-2022", "est_todate": "08-12-2022", "est_balance": 0, "est_status": "Pending", "est_active": true}}, {"model": "adminapp.estimates", "pk": 38, "fields": {"clientd": 25, "est_fromdate": "23-12-2022", "est_todate": "23-12-2022", "est_balance": 0, "est_status": "Pending", "est_active": true}}, {"model": "adminapp.estimates", "pk": 39, "fields": {"clientd": 7, "est_fromdate": "01-12-2022", "est_todate": "12-12-2022", "est_balance": 0, "est_status": "Pending", "est_active": true}}, {"model": "adminapp.estimates", "pk": 40, "fields": {"clientd": 7, "est_fromdate": "01-12-2022", "est_todate": "06-12-2022", "est_balance": 0, "est_status": "Pending", "est_active": true}}, {"model": "adminapp.estimates", "pk": 41, "fields": {"clientd": 7, "est_fromdate": "01-12-2022", "est_todate": "13-12-2022", "est_balance": 0, "est_status": "Pending", "est_active": true}}, {"model": "adminapp.estimates", "pk": 42, "fields": {"clientd": 7, "est_fromdate": "01-12-2022", "est_todate": "13-12-2022", "est_balance": 0, "est_status": "Pending", "est_active": true}}, {"model": "adminapp.estimates", "pk": 43, "fields": {"clientd": 7, "est_fromdate": "01-12-2022", "est_todate": "14-12-2022", "est_balance": 0, "est_status": "Pending", "est_active": true}}, {"model": "adminapp.estimates", "pk": 44, "fields": {"clientd": 7, "est_fromdate": "01-12-2022", "est_todate": "14-12-2022", "est_balance": 0, "est_status": "Pending", "est_active": true}}, {"model": "adminapp.estimates", "pk": 45, "fields": {"clientd": 7, "est_fromdate": "07-12-2022", "est_todate": "13-12-2022", "est_balance": 0, "est_status": "Pending", "est_active": true}}, {"model": "adminapp.estimates", "pk": 46, "fields": {"clientd": 7, "est_fromdate": "01-12-2022", "est_todate": "15-12-2022", "est_balance": 0, "est_status": "Pending", "est_active": true}}, {"model": "adminapp.estimates", "pk": 47, "fields": {"clientd": 7, "est_fromdate": "02-12-2022", "est_todate": "15-12-2022", "est_balance": 0, "est_status": "Pending", "est_active": true}}, {"model": "adminapp.estimates", "pk": 48, "fields": {"clientd": 7, "est_fromdate": "01-12-2022", "est_todate": "13-12-2022", "est_balance": 0, "est_status": "Pending", "est_active": true}}, {"model": "adminapp.estimates", "pk": 49, "fields": {"clientd": 7, "est_fromdate": "01-12-2022", "est_todate": "14-12-2022", "est_balance": 0, "est_status": "Pending", "est_active": true}}, {"model": "adminapp.estimates", "pk": 50, "fields": {"clientd": 7, "est_fromdate": "01-12-2022", "est_todate": "14-12-2022", "est_balance": 0, "est_status": "Pending", "est_active": true}}, {"model": "adminapp.estimates", "pk": 51, "fields": {"clientd": 7, "est_fromdate": "01-12-2022", "est_todate": "13-12-2022", "est_balance": 0, "est_status": "Pending", "est_active": true}}, {"model": "adminapp.estimates", "pk": 52, "fields": {"clientd": 7, "est_fromdate": "01-12-2022", "est_todate": "13-12-2022", "est_balance": 0, "est_status": "Pending", "est_active": true}}, {"model": "adminapp.estimates", "pk": 53, "fields": {"clientd": 7, "est_fromdate": "01-12-2022", "est_todate": "07-12-2022", "est_balance": 0, "est_status": "Pending", "est_active": true}}, {"model": "adminapp.estimates", "pk": 54, "fields": {"clientd": 7, "est_fromdate": "01-12-2022", "est_todate": "13-12-2022", "est_balance": 0, "est_status": "Pending", "est_active": true}}, {"model": "adminapp.estimates", "pk": 55, "fields": {"clientd": 7, "est_fromdate": "01-12-2022", "est_todate": "14-12-2022", "est_balance": 0, "est_status": "Pending", "est_active": true}}, {"model": "adminapp.estimates", "pk": 56, "fields": {"clientd": 7, "est_fromdate": "01-12-2022", "est_todate": "15-12-2022", "est_balance": 0, "est_status": "Pending", "est_active": true}}, {"model": "adminapp.estimates", "pk": 57, "fields": {"clientd": 7, "est_fromdate": "01-12-2022", "est_todate": "13-12-2022", "est_balance": 0, "est_status": "Pending", "est_active": true}}, {"model": "adminapp.estimates", "pk": 58, "fields": {"clientd": 7, "est_fromdate": "01-12-2022", "est_todate": "21-12-2022", "est_balance": 0, "est_status": "Pending", "est_active": true}}, {"model": "adminapp.estimates", "pk": 59, "fields": {"clientd": 7, "est_fromdate": "01-12-2022", "est_todate": "21-12-2022", "est_balance": 0, "est_status": "Pending", "est_active": true}}, {"model": "adminapp.estimates", "pk": 60, "fields": {"clientd": 7, "est_fromdate": "01-12-2022", "est_todate": "20-12-2022", "est_balance": 0, "est_status": "Pending", "est_active": true}}, {"model": "adminapp.estimates", "pk": 61, "fields": {"clientd": 7, "est_fromdate": "01-12-2022", "est_todate": "08-12-2022", "est_balance": 0, "est_status": "Pending", "est_active": true}}, {"model": "adminapp.estimates", "pk": 62, "fields": {"clientd": 7, "est_fromdate": "01-12-2022", "est_todate": "08-12-2022", "est_balance": 0, "est_status": "Pending", "est_active": true}}, {"model": "adminapp.estimates", "pk": 63, "fields": {"clientd": 7, "est_fromdate": "01-12-2022", "est_todate": "15-12-2022", "est_balance": 0, "est_status": "Pending", "est_active": true}}, {"model": "adminapp.estimates", "pk": 64, "fields": {"clientd": 7, "est_fromdate": "01-12-2022", "est_todate": "21-12-2022", "est_balance": 0, "est_status": "Pending", "est_active": true}}, {"model": "adminapp.estimates", "pk": 65, "fields": {"clientd": 7, "est_fromdate": "01-12-2022", "est_todate": "15-12-2022", "est_balance": 0, "est_status": "Pending", "est_active": true}}, {"model": "adminapp.estimates", "pk": 66, "fields": {"clientd": 7, "est_fromdate": "02-12-2022", "est_todate": "03-12-2022", "est_balance": 0, "est_status": "Pending", "est_active": true}}, {"model": "adminapp.estimates", "pk": 67, "fields": {"clientd": 7, "est_fromdate": "05-12-2022", "est_todate": "06-12-2022", "est_balance": 0, "est_status": "Pending", "est_active": true}}, {"model": "adminapp.estimates", "pk": 68, "fields": {"clientd": 7, "est_fromdate": "01-12-2022", "est_todate": "14-12-2022", "est_balance": 0, "est_status": "Pending", "est_active": true}}, {"model": "adminapp.category", "pk": 1, "fields": {"category": "biriyani"}}, {"model": "adminapp.category", "pk": 2, "fields": {"category": "noodles"}}, {"model": "adminapp.category", "pk": 3, "fields": {"category": "main course"}}, {"model": "adminapp.category", "pk": 4, "fields": {"category": "Fried Chcken"}}, {"model": "adminapp.category", "pk": 5, "fields": {"category": "Fried Chcken"}}, {"model": "adminapp.category", "pk": 6, "fields": {"category": "fry"}}, {"model": "adminapp.category", "pk": 7, "fields": {"category": "frying"}}, {"model": "adminapp.category", "pk": 8, "fields": {"category": "welcomedrink"}}, {"model": "adminapp.category", "pk": 9, "fields": {"category": "rice"}}, {"model": "adminapp.category", "pk": 10, "fields": {"category": "BREADS"}}, {"model": "adminapp.category", "pk": 11, "fields": {"category": "BREADS"}}, {"model": "adminapp.category", "pk": 12, "fields": {"category": "BREADS"}}, {"model": "adminapp.category", "pk": 13, "fields": {"category": "BREADS"}}, {"model": "adminapp.category", "pk": 14, "fields": {"category": "RICE"}}, {"model": "adminapp.category", "pk": 15, "fields": {"category": "GRAVY"}}, {"model": "adminapp.category", "pk": 16, "fields": {"category": "SIDE DISH"}}, {"model": "adminapp.category", "pk": 17, "fields": {"category": "SALADS"}}, {"model": "adminapp.category", "pk": 18, "fields": {"category": "SALADS"}}, {"model": "adminapp.category", "pk": 19, "fields": {"category": "DESSERT"}}, {"model": "adminapp.category", "pk": 20, "fields": {"category": "WATER"}}, {"model": "adminapp.category", "pk": 21, "fields": {"category": "300 ML BOTTLE WATER"}}, {"model": "adminapp.category", "pk": 22, "fields": {"category": "WELCOME DRINK"}}, {"model": "adminapp.category", "pk": 23, "fields": {"category": "VEG"}}, {"model": "adminapp.category", "pk": 24, "fields": {"category": "SOUP"}}, {"model": "adminapp.category", "pk": 25, "fields": {"category": "STARTER"}}, {"model": "adminapp.category", "pk": 26, "fields": {"category": "LIVE TEA COUNTER"}}, {"model": "adminapp.category", "pk": 27, "fields": {"category": "SNACK"}}, {"model": "adminapp.category", "pk": 28, "fields": {"category": "APETIZER"}}, {"model": "adminapp.category", "pk": 29, "fields": {"category": "CONTINENTAL SNACK"}}, {"model": "adminapp.category", "pk": 30, "fields": {"category": "BIRIYANI"}}, {"model": "adminapp.category", "pk": 31, "fields": {"category": "NOODLES"}}, {"model": "adminapp.category", "pk": 32, "fields": {"category": "BEEF DISHES"}}, {"model": "adminapp.category", "pk": 33, "fields": {"category": "BEEF GRAVY"}}, {"model": "adminapp.category", "pk": 34, "fields": {"category": "BEEF DRY"}}, {"model": "adminapp.category", "pk": 35, "fields": {"category": "CHICKEN DISHES"}}, {"model": "adminapp.estimateproduct", "pk": 1, "fields": {"est_category": "biriyani", "est_amount": 2530, "est_qty": "110", "est_price": 23, "productid": 1, "estimateid": 1}}, {"model": "adminapp.estimateproduct", "pk": 2, "fields": {"est_category": "noodles", "est_amount": 1485, "est_qty": "33", "est_price": 45, "productid": 2, "estimateid": 1}}, {"model": "adminapp.estimateproduct", "pk": 3, "fields": {"est_category": "biriyani", "est_amount": 688, "est_qty": "2", "est_price": 344, "productid": 1, "estimateid": 2}}, {"model": "adminapp.estimateproduct", "pk": 4, "fields": {"est_category": "noodles", "est_amount": 180, "est_qty": "4", "est_price": 45, "productid": 2, "estimateid": 3}}, {"model": "adminapp.estimateproduct", "pk": 5, "fields": {"est_category": "noodles", "est_amount": 90, "est_qty": "2", "est_price": 45, "productid": 2, "estimateid": 8}}, {"model": "adminapp.estimateproduct", "pk": 6, "fields": {"est_category": "biriyani", "est_amount": 23, "est_qty": "1", "est_price": 23, "productid": 1, "estimateid": 8}}, {"model": "adminapp.estimateproduct", "pk": 7, "fields": {"est_category": "main course", "est_amount": 100, "est_qty": "2", "est_price": 50, "productid": 3, "estimateid": 10}}, {"model": "adminapp.estimateproduct", "pk": 8, "fields": {"est_category": "biriyani", "est_amount": 23, "est_qty": "", "est_price": 23, "productid": 1, "estimateid": 12}}, {"model": "adminapp.estimateproduct", "pk": 9, "fields": {"est_category": "main course", "est_amount": 50, "est_qty": "", "est_price": 50, "productid": 3, "estimateid": 12}}, {"model": "adminapp.estimateproduct", "pk": 10, "fields": {"est_category": "noodles", "est_amount": 45, "est_qty": "", "est_price": 45, "productid": 2, "estimateid": 12}}, {"model": "adminapp.estimateproduct", "pk": 11, "fields": {"est_category": "biriyani", "est_amount": 276, "est_qty": "12", "est_price": 23, "productid": 1, "estimateid": 14}}, {"model": "adminapp.estimateproduct", "pk": 12, "fields": {"est_category": "main course", "est_amount": 2800, "est_qty": "56", "est_price": 50, "productid": 3, "estimateid": 14}}, {"model": "adminapp.estimateproduct", "pk": 13, "fields": {"est_category": "main course", "est_amount": 1200, "est_qty": "12", "est_price": 100, "productid": 4, "estimateid": 15}}, {"model": "adminapp.estimateproduct", "pk": 14, "fields": {"est_category": "welcomedrink", "est_amount": 484, "est_qty": "22", "est_price": 22, "productid": 5, "estimateid": 15}}, {"model": "adminapp.estimateproduct", "pk": 15, "fields": {"est_category": "biriyani", "est_amount": 46, "est_qty": "2", "est_price": 23, "productid": 1, "estimateid": 17}}, {"model": "adminapp.estimateproduct", "pk": 16, "fields": {"est_category": "main course", "est_amount": 3000, "est_qty": "10", "est_price": 300, "productid": 3, "estimateid": 19}}, {"model": "adminapp.estimateproduct", "pk": 17, "fields": {"est_category": "main course", "est_amount": 50, "est_qty": "1", "est_price": 50, "productid": 3, "estimateid": 23}}, {"model": "adminapp.estimateproduct", "pk": 18, "fields": {"est_category": "main course", "est_amount": 500, "est_qty": "10", "est_price": 50, "productid": 3, "estimateid": 25}}, {"model": "adminapp.estimateproduct", "pk": 19, "fields": {"est_category": "main course", "est_amount": 500, "est_qty": "10", "est_price": 50, "productid": 3, "estimateid": 26}}, {"model": "adminapp.estimateproduct", "pk": 23, "fields": {"est_category": "biriyani", "est_amount": 276, "est_qty": "12", "est_price": 23, "productid": 1, "estimateid": 27}}, {"model": "adminapp.estimateproduct", "pk": 24, "fields": {"est_category": "main course", "est_amount": 200, "est_qty": "2", "est_price": 100, "productid": 4, "estimateid": 27}}, {"model": "adminapp.estimateproduct", "pk": 25, "fields": {"est_category": "main course", "est_amount": 2150, "est_qty": "43", "est_price": 50, "productid": 3, "estimateid": 28}}, {"model": "adminapp.estimateproduct", "pk": 26, "fields": {"est_category": "main course", "est_amount": 4400, "est_qty": "44", "est_price": 100, "productid": 4, "estimateid": 28}}, {"model": "adminapp.estimateproduct", "pk": 27, "fields": {"est_category": "biriyani", "est_amount": 6765, "est_qty": "55", "est_price": 123, "productid": 6, "estimateid": 28}}, {"model": "adminapp.estimateproduct", "pk": 28, "fields": {"est_category": "GRAVY", "est_amount": 666, "est_qty": "7", "est_price": 0, "productid": 104, "estimateid": 29}}, {"model": "adminapp.estimateproduct", "pk": 29, "fields": {"est_category": "main course", "est_amount": 350, "est_qty": "7", "est_price": 50, "productid": 3, "estimateid": 29}}, {"model": "adminapp.estimateproduct", "pk": 30, "fields": {"est_category": "SNACK", "est_amount": 67, "est_qty": "6", "est_price": 0, "productid": 92, "estimateid": 29}}, {"model": "adminapp.estimateproduct", "pk": 31, "fields": {"est_category": "biriyani", "est_amount": 738, "est_qty": "6", "est_price": 123, "productid": 6, "estimateid": 29}}, {"model": "adminapp.estimateproduct", "pk": 32, "fields": {"est_category": "DESSERT", "est_amount": 0, "est_qty": "", "est_price": 0, "productid": 90, "estimateid": 30}}, {"model": "adminapp.estimateproduct", "pk": 33, "fields": {"est_category": "WELCOME DRINK", "est_amount": 0, "est_qty": "", "est_price": 0, "productid": 39, "estimateid": 32}}, {"model": "adminapp.estimateproduct", "pk": 34, "fields": {"est_category": "WELCOME DRINK", "est_amount": 0, "est_qty": "", "est_price": 0, "productid": 322, "estimateid": 32}}, {"model": "adminapp.estimateproduct", "pk": 35, "fields": {"est_category": "BREADS", "est_amount": 0, "est_qty": "", "est_price": 0, "productid": 170, "estimateid": 32}}, {"model": "adminapp.estimateproduct", "pk": 36, "fields": {"est_category": "WELCOME DRINK", "est_amount": 0, "est_qty": "", "est_price": 0, "productid": 165, "estimateid": 32}}, {"model": "adminapp.estimateproduct", "pk": 37, "fields": {"est_category": "BREADS", "est_amount": 0, "est_qty": "", "est_price": 0, "productid": 60, "estimateid": 32}}, {"model": "adminapp.estimateproduct", "pk": 38, "fields": {"est_category": "BIRIYANI", "est_amount": 0, "est_qty": "", "est_price": 0, "productid": 282, "estimateid": 32}}, {"model": "adminapp.estimateproduct", "pk": 39, "fields": {"est_category": "RICE", "est_amount": 0, "est_qty": "", "est_price": 0, "productid": 45, "estimateid": 32}}, {"model": "adminapp.estimateproduct", "pk": 40, "fields": {"est_category": "GRAVY", "est_amount": 0, "est_qty": "", "est_price": 0, "productid": 50, "estimateid": 32}}, {"model": "adminapp.estimateproduct", "pk": 41, "fields": {"est_category": "SIDE DISH", "est_amount": 0, "est_qty": "", "est_price": 0, "productid": 70, "estimateid": 32}}, {"model": "adminapp.estimateproduct", "pk": 42, "fields": {"est_category": "VEG", "est_amount": 0, "est_qty": "", "est_price": 0, "productid": 65, "estimateid": 32}}, {"model": "adminapp.estimateproduct", "pk": 43, "fields": {"est_category": "DESSERT", "est_amount": 0, "est_qty": "", "est_price": 0, "productid": 87, "estimateid": 32}}, {"model": "adminapp.estimateproduct", "pk": 44, "fields": {"est_category": "DESSERT", "est_amount": 0, "est_qty": "", "est_price": 0, "productid": 89, "estimateid": 32}}, {"model": "adminapp.estimateproduct", "pk": 45, "fields": {"est_category": "WELCOME DRINK", "est_amount": 0, "est_qty": "", "est_price": 0, "productid": 322, "estimateid": 32}}, {"model": "adminapp.estimateproduct", "pk": 46, "fields": {"est_category": "main course", "est_amount": 1200, "est_qty": "12", "est_price": 100, "productid": 4, "estimateid": 33}}, {"model": "adminapp.estimateproduct", "pk": 47, "fields": {"est_category": "RICE", "est_amount": 0, "est_qty": "32", "est_price": 0, "productid": 91, "estimateid": 33}}, {"model": "adminapp.estimateproduct", "pk": 48, "fields": {"est_category": "main course", "est_amount": 300, "est_qty": "3", "est_price": 100, "productid": 4, "estimateid": 34}}, {"model": "adminapp.estimateproduct", "pk": 49, "fields": {"est_category": "RICE", "est_amount": 0, "est_qty": "56", "est_price": 0, "productid": 93, "estimateid": 34}}, {"model": "adminapp.estimateproduct", "pk": 50, "fields": {"est_category": "", "est_amount": 704, "est_qty": "32", "est_price": 22, "productid": 5, "estimateid": 34}}, {"model": "adminapp.paymentdetails", "pk": 1, "fields": {"clientid": 1, "bankid": 1, "estimateId": 1, "paymentdate": "03-08-2022", "paymentamount": 800}}, {"model": "adminapp.paymentdetails", "pk": 2, "fields": {"clientid": 2, "bankid": 1, "estimateId": 2, "paymentdate": "03-08-2022", "paymentamount": 40}}, {"model": "adminapp.paymentdetails", "pk": 3, "fields": {"clientid": 3, "bankid": 1, "estimateId": 3, "paymentdate": "04-08-2022", "paymentamount": 10}}, {"model": "adminapp.paymentdetails", "pk": 4, "fields": {"clientid": 3, "bankid": 1, "estimateId": 3, "paymentdate": "11-08-2022", "paymentamount": 40}}, {"model": "adminapp.paymentdetails", "pk": 5, "fields": {"clientid": 1, "bankid": 1, "estimateId": 1, "paymentdate": "05-08-2022", "paymentamount": 1797}}, {"model": "adminapp.paymentdetails", "pk": 6, "fields": {"clientid": 4, "bankid": 1, "estimateId": 8, "paymentdate": "07-08-2022", "paymentamount": 40}}, {"model": "adminapp.paymentdetails", "pk": 7, "fields": {"clientid": 5, "bankid": 1, "estimateId": 12, "paymentdate": "11-08-2022", "paymentamount": 122}}, {"model": "adminapp.paymentdetails", "pk": 8, "fields": {"clientid": 5, "bankid": 1, "estimateId": 12, "paymentdate": "12-08-2022", "paymentamount": 1}}, {"model": "adminapp.paymentdetails", "pk": 9, "fields": {"clientid": 2, "bankid": 1, "estimateId": 2, "paymentdate": "11-08-2022", "paymentamount": 500}}, {"model": "adminapp.paymentdetails", "pk": 10, "fields": {"clientid": 11, "bankid": 2, "estimateId": 27, "paymentdate": "09-11-2022", "paymentamount": 200}}, {"model": "adminapp.paymentdetails", "pk": 11, "fields": {"clientid": 11, "bankid": 1, "estimateId": 27, "paymentdate": "10-11-2022", "paymentamount": 299}}, {"model": "adminapp.expences", "pk": 1, "fields": {"expencescategory": "Advertising", "expencesnote": "fvhb", "expencesdate": "2022-08-11", "expencesasamount": 500, "expencestatus": "Expences"}}, {"model": "adminapp.expences", "pk": 2, "fields": {"expencescategory": "Advertising", "expencesnote": "fukij e", "expencesdate": "2022-08-25", "expencesasamount": 500, "expencestatus": "Expences"}}, {"model": "adminapp.expences", "pk": 3, "fields": {"expencescategory": "Advertising", "expencesnote": "sd", "expencesdate": "2022-08-25", "expencesasamount": 500, "expencestatus": "Expences"}}, {"model": "adminapp.expences", "pk": 4, "fields": {"expencescategory": "Travel", "expencesnote": "favd", "expencesdate": "2022-11-09", "expencesasamount": 120, "expencestatus": "Expences"}}, {"model": "adminapp.terms", "pk": 1, "fields": {"estimateid": 1, "term": "rgrgewr", "note": "rtgeg"}}, {"model": "adminapp.terms", "pk": 2, "fields": {"estimateid": 8, "term": "Valid upto 10 days", "note": ""}}, {"model": "adminapp.terms", "pk": 3, "fields": {"estimateid": 14, "term": "turft", "note": "trfu"}}, {"model": "adminapp.terms", "pk": 4, "fields": {"estimateid": 15, "term": "23rfee", "note": "ewrfwe"}}, {"model": "adminapp.terms", "pk": 5, "fields": {"estimateid": 17, "term": "weqwerwwwwwwwwwwwwwwwwwwwwwwwwwwwwwwwwwwwwwwwwwwwwwwwwwwwwwwwwwwww", "note": "weqqqqqqqqqqqqqqqqqqqqqqqqqqqqqqqqqqqqqqqqqqqqqqqqqqqqqqqqqqqqqqqqqqqqqqqqqqqqqq"}}, {"model": "adminapp.terms", "pk": 6, "fields": {"estimateid": 21, "term": "jnhghybf", "note": ""}}, {"model": "adminapp.terms", "pk": 7, "fields": {"estimateid": 21, "term": "jnhghybf", "note": ""}}, {"model": "adminapp.terms", "pk": 8, "fields": {"estimateid": 22, "term": "sdfsdfgsdfg", "note": ""}}, {"model": "adminapp.terms", "pk": 9, "fields": {"estimateid": 26, "term": "dafafddafadf", "note": ""}}, {"model": "adminapp.terms", "pk": 10, "fields": {"estimateid": 26, "term": "dafafddafadf", "note": ""}}, {"model": "adminapp.terms", "pk": 11, "fields": {"estimateid": 27, "term": "abcaa", "note": "aaa"}}, {"model": "adminapp.terms", "pk": 12, "fields": {"estimateid": 35, "term": "", "note": ""}}, {"model": "adminapp.terms", "pk": 13, "fields": {"estimateid": 35, "term": ".", "note": "."}}, {"model": "adminapp.terms", "pk": 14, "fields": {"estimateid": 35, "term": "", "note": ""}}, {"model": "adminapp.terms", "pk": 15, "fields": {"estimateid": 37, "term": "", "note": "TYPE OF SERVICE.      : DINING 10 SEATER\nSERVICE CREW.           : 28\nARRANGEMENTS.       : TABLE & CHAIR COVERING WITH CLOTH\n                                           CERAMIC PLATE\n                                           DINING ACCESSORIES"}}, {"model": "adminapp.terms", "pk": 16, "fields": {"estimateid": 37, "term": "", "note": "TYPE OF SERVICE.      : DINING 10 SEATER\nSERVICE CREW.           : 28\nARRANGEMENTS.       : TABLE & CHAIR COVERING WITH CLOTH\n                                           CERAMIC PLATE\n                                           DINING ACCESSORIES"}}, {"model": "adminapp.terms", "pk": 17, "fields": {"estimateid": 37, "term": "", "note": "TYPE OF SERVICE.      : DINING 10 SEATER\nSERVICE CREW.           : 28\nARRANGEMENTS.       : TABLE & CHAIR COVERING WITH CLOTH\n                                           CERAMIC PLATE\n                                           DINING ACCESSORIES"}}, {"model": "adminapp.terms", "pk": 18, "fields": {"estimateid": 38, "term": "", "note": "SERVICE CREW    :5"}}, {"model": "adminapp.terms", "pk": 19, "fields": {"estimateid": 38, "term": "", "note": "SERVICE CREW    :5"}}, {"model": "adminapp.income", "pk": 1, "fields": {"date": "2022-08-01", "incomestatus": "Income", "incomeamount": 2543, "estimateId": 1}}, {"model": "adminapp.income", "pk": 2, "fields": {"date": "2022-08-05", "incomestatus": "Income", "incomeamount": 712, "estimateId": 2}}, {"model": "adminapp.income", "pk": 3, "fields": {"date": "2022-08-05", "incomestatus": "Income", "incomeamount": 89, "estimateId": 3}}, {"model": "adminapp.income", "pk": 4, "fields": {"date": "2022-08-06", "incomestatus": "Income", "incomeamount": 18, "estimateId": 8}}, {"model": "adminapp.income", "pk": 5, "fields": {"date": "2022-08-11", "incomestatus": "Income", "incomeamount": 105, "estimateId": 10}}, {"model": "adminapp.income", "pk": 6, "fields": {"date": "2022-08-11", "incomestatus": "Income", "incomeamount": 622, "estimateId": 2}}, {"model": "adminapp.income", "pk": 7, "fields": {"date": "2022-08-11", "incomestatus": "Income", "incomeamount": 722, "estimateId": 2}}, {"model": "adminapp.income", "pk": 8, "fields": {"date": "2022-08-11", "incomestatus": "Income", "incomeamount": 722, "estimateId": 2}}, {"model": "adminapp.income", "pk": 9, "fields": {"date": "2022-08-11", "incomestatus": "Income", "incomeamount": 600, "estimateId": 2}}, {"model": "adminapp.income", "pk": 10, "fields": {"date": "2022-08-24", "incomestatus": "Income", "incomeamount": 689, "estimateId": 2}}, {"model": "adminapp.income", "pk": 11, "fields": {"date": "2022-08-24", "incomestatus": "Income", "incomeamount": 722, "estimateId": 2}}, {"model": "adminapp.income", "pk": 12, "fields": {"date": "2022-08-24", "incomestatus": "Income", "incomeamount": 668, "estimateId": 2}}, {"model": "adminapp.income", "pk": 13, "fields": {"date": "2022-11-09", "incomestatus": "Income", "incomeamount": 400, "estimateId": 27}}, {"model": "adminapp.preview", "pk": 1, "fields": {"estimateId": 1, "discount": 54, "prviewnumber": "INV1001"}}, {"model": "adminapp.preview", "pk": 2, "fields": {"estimateId": 2, "discount": 10, "prviewnumber": "INV1002"}}, {"model": "adminapp.preview", "pk": 3, "fields": {"estimateId": 3, "discount": 100, "prviewnumber": "INV1003"}}, {"model": "adminapp.preview", "pk": 4, "fields": {"estimateId": 8, "discount": 100, "prviewnumber": "INV1004"}}, {"model": "adminapp.preview", "pk": 5, "fields": {"estimateId": 10, "discount": 0, "prviewnumber": "INV1005"}}, {"model": "adminapp.preview", "pk": 6, "fields": {"estimateId": 2, "discount": 100, "prviewnumber": "INV1006"}}, {"model": "adminapp.preview", "pk": 7, "fields": {"estimateId": 2, "discount": 0, "prviewnumber": "INV1007"}}, {"model": "adminapp.preview", "pk": 8, "fields": {"estimateId": 2, "discount": 0, "prviewnumber": "INV1008"}}, {"model": "adminapp.preview", "pk": 9, "fields": {"estimateId": 2, "discount": 122, "prviewnumber": "INV1009"}}, {"model": "adminapp.preview", "pk": 10, "fields": {"estimateId": 2, "discount": 33, "prviewnumber": "INV1010"}}, {"model": "adminapp.preview", "pk": 11, "fields": {"estimateId": 2, "discount": 0, "prviewnumber": "INV1011"}}, {"model": "adminapp.preview", "pk": 12, "fields": {"estimateId": 2, "discount": 54, "prviewnumber": "INV1012"}}, {"model": "adminapp.preview", "pk": 13, "fields": {"estimateId": 27, "discount": 99, "prviewnumber": "INV1013"}}, {"model": "adminapp.stockcatagory", "pk": 1, "fields": {"cat_name": "Tools"}}, {"model": "adminapp.stockcatagory", "pk": 2, "fields": {"cat_name": "Foods"}}, {"model": "adminapp.stockcatagory", "pk": 3, "fields": {"cat_name": "Man Power"}}, {"model": "adminapp.stockcatagory", "pk": 4, "fields": {"cat_name": "Autem nostrud volupt"}}, {"model": "adminapp.stock", "pk": 3, "fields": {"stockname": "spoon", "quantity": 294, "category": 1, "price": 10, "damage_price": 7.0, "missing_price": 13.0}}, {"model": "adminapp.stock", "pk": 4, "fields": {"stockname": "plate", "quantity": 99, "category": 2, "price": 32, "damage_price": 35.0, "missing_price": 22.0}}, {"model": "adminapp.stock", "pk": 5, "fields": {"stockname": "Iola Allen", "quantity": 539, "category": 4, "price": 494, "damage_price": 171.0, "missing_price": 130.0}}, {"model": "adminapp.stock", "pk": 6, "fields": {"stockname": "plate", "quantity": 100, "category": 1, "price": 20, "damage_price": 21.0, "missing_price": 11.0}}, {"model": "adminapp.stock", "pk": 7, "fields": {"stockname": "spoon 1", "quantity": 20, "category": 1, "price": 0, "damage_price": 11.0, "missing_price": 12.0}}, {"model": "adminapp.items", "pk": 1, "fields": {"estimate": 1, "stock": 3, "taken": 3, "status": "Returned"}}, {"model": "adminapp.items", "pk": 2, "fields": {"estimate": 1, "stock": 4, "taken": 1, "status": "Returned"}}, {"model": "adminapp.items", "pk": 3, "fields": {"estimate": 2, "stock": 3, "taken": 1, "status": "Returned"}}, {"model": "adminapp.items", "pk": 4, "fields": {"estimate": 2, "stock": 5, "taken": 1, "status": "Returned"}}, {"model": "adminapp.items", "pk": 5, "fields": {"estimate": 2, "stock": 5, "taken": 21, "status": "not returned"}}, {"model": "adminapp.items", "pk": 6, "fields": {"estimate": 27, "stock": 7, "taken": 1, "status": "Returned"}}, {"model": "adminapp.items", "pk": 7, "fields": {"estimate": 27, "stock": 3, "taken": 2, "status": "Returned"}}, {"model": "adminapp.stockdetails", "pk": 1, "fields": {"estimate": 1, "stock": 4, "damagedstock": 1, "missingstock": 0, "returnstock": 31, "grandtotal": 1027}}, {"model": "adminapp.stockdetails", "pk": 2, "fields": {"estimate": 1, "stock": 3, "damagedstock": 1, "missingstock": 2, "returnstock": 1, "grandtotal": 43}}, {"model": "adminapp.stockdetails", "pk": 3, "fields": {"estimate": 2, "stock": 5, "damagedstock": 1, "missingstock": 0, "returnstock": 1, "grandtotal": 665}}, {"model": "adminapp.stockdetails", "pk": 4, "fields": {"estimate": 2, "stock": 3, "damagedstock": 0, "missingstock": 1, "returnstock": 20, "grandtotal": 213}}, {"model": "adminapp.stockdetails", "pk": 5, "fields": {"estimate": 27, "stock": 3, "damagedstock": 1, "missingstock": 1, "returnstock": 10, "grandtotal": 120}}, {"model": "adminapp.stockdetails", "pk": 6, "fields": {"estimate": 27, "stock": 7, "damagedstock": 1, "missingstock": 0, "returnstock": 11, "grandtotal": 11}}]